center,angle
[257   7],166.640625
[261   7],165.9375
[265   7],165.9375
[269   7],168.34821428571428
[273   7],165.9375
[277   7],165.9375
[280   7],168.34821428571428
[284   7],165.9375
[288   7],165.9375
[292   7],168.34821428571428
[296   7],165.9375
[300   7],165.9375
[304   7],168.34821428571428
[308   7],165.9375
[312   7],165.9375
[316   7],168.34821428571428
[320   7],165.9375
[323   7],165.9375
[327   7],168.34821428571428
[331   7],165.9375
[335   7],165.9375
[339   7],168.34821428571428
[343   7],165.9375
[347   7],165.9375
[351   7],168.34821428571428
[355   7],165.9375
[359   7],165.9375
[363   7],168.34821428571428
[366   7],165.9375
[370   7],165.9375
[374   7],168.34821428571428
[378   7],165.9375
[382   7],165.9375
[386   7],168.34821428571428
[390   7],165.9375
[394   7],165.9375
[398   7],168.34821428571428
[402   7],165.9375
[406   7],165.9375
[409   7],165.9375
[413   7],168.34821428571428
[417   7],165.9375
[421   7],165.9375
[425   7],168.34821428571428
[429   7],165.9375
[433   7],165.9375
[437   7],168.34821428571428
[441   7],165.9375
[445   7],165.9375
[449   7],168.34821428571428
[452   7],165.9375
[456   7],165.9375
[460   7],168.34821428571428
[464   7],165.9375
[468   7],165.9375
[472   7],168.34821428571428
[476   7],165.9375
[480   7],165.9375
[484   7],168.34821428571428
[488   7],165.9375
[492   7],165.9375
[495   7],168.34821428571428
[499   7],165.9375
[503   7],165.9375
[ 7 19],179.59821428571428
[11 19],167.34375
[15 19],167.34375
[19 19],179.59821428571428
[22 19],167.34375
[26 19],167.34375
[30 19],179.59821428571428
[34 19],167.34375
[38 19],167.34375
[42 19],179.59821428571428
[46 19],167.34375
[50 19],167.34375
[54 19],179.59821428571428
[58 19],167.34375
[62 19],167.34375
[65 19],179.59821428571428
[69 19],167.34375
[73 19],167.34375
[77 19],179.59821428571428
[81 19],167.34375
[85 19],167.34375
[89 19],179.59821428571428
[93 19],167.34375
[97 19],167.34375
[101  19],179.59821428571428
[105  19],167.34375
[108  19],167.34375
[112  19],179.59821428571428
[116  19],167.34375
[120  19],167.34375
[124  19],179.59821428571428
[128  19],167.34375
[132  19],167.34375
[136  19],179.59821428571428
[140  19],167.34375
[144  19],167.34375
[148  19],179.59821428571428
[151  19],167.34375
[155  19],167.34375
[159  19],167.34375
[163  19],179.59821428571428
[167  19],167.34375
[171  19],167.34375
[175  19],179.59821428571428
[179  19],167.34375
[183  19],167.34375
[187  19],179.59821428571428
[191  19],167.34375
[194  19],167.34375
[198  19],179.59821428571428
[202  19],167.34375
[206  19],167.34375
[210  19],179.59821428571428
[214  19],167.34375
[218  19],167.34375
[222  19],179.59821428571428
[226  19],167.34375
[230  19],167.34375
[234  19],179.59821428571428
[237  19],167.34375
[241  19],167.34375
[245  19],179.59821428571428
[249  19],167.34375
[253  19],167.34375
[257  19],174.6875
[261  19],165.9375
[265  19],165.9375
[269  19],177.1875
[273  19],165.9375
[277  19],165.9375
[280  19],177.1875
[284  19],165.9375
[288  19],165.9375
[292  19],177.1875
[296  19],165.9375
[300  19],165.9375
[304  19],177.1875
[308  19],165.9375
[312  19],165.9375
[316  19],177.1875
[320  19],165.9375
[323  19],165.9375
[327  19],177.1875
[331  19],165.9375
[335  19],165.9375
[339  19],177.1875
[343  19],165.9375
[347  19],165.9375
[351  19],177.1875
[355  19],165.9375
[359  19],165.9375
[363  19],177.1875
[366  19],165.9375
[370  19],165.9375
[374  19],177.1875
[378  19],165.9375
[382  19],165.9375
[386  19],177.1875
[390  19],165.9375
[394  19],165.9375
[398  19],177.1875
[402  19],165.9375
[406  19],165.9375
[409  19],165.9375
[413  19],177.1875
[417  19],165.9375
[421  19],165.9375
[425  19],177.1875
[429  19],165.9375
[433  19],165.9375
[437  19],177.1875
[441  19],165.9375
[445  19],165.9375
[449  19],177.1875
[452  19],165.9375
[456  19],165.9375
[460  19],177.1875
[464  19],165.9375
[468  19],165.9375
[472  19],177.1875
[476  19],165.9375
[480  19],165.9375
[484  19],177.1875
[488  19],165.9375
[492  19],165.9375
[495  19],177.1875
[499  19],165.9375
[503  19],165.9375
[257  30],127.5
[261  31],2.8125
[265  31],2.8125
[269  30],122.8125
[273  31],2.8125
[277  31],2.8125
[280  30],149.0625
[284  31],2.8125
[288  31],2.8125
[293  30],122.8125
[296  31],2.8125
[300  31],2.8125
[304  30],149.0625
[308  31],2.8125
[312  31],2.8125
[316  30],149.0625
[320  31],2.8125
[323  31],2.8125
[328  30],149.0625
[331  31],2.8125
[335  31],2.8125
[340  30],122.8125
[343  31],2.8125
[347  31],2.8125
[352  30],122.8125
[355  31],2.8125
[359  31],2.8125
[364  30],122.8125
[366  31],2.8125
[370  31],2.8125
[375  30],149.0625
[378  31],2.8125
[382  31],2.8125
[387  30],149.0625
[390  31],2.8125
[394  31],2.8125
[399  30],149.0625
[402  31],2.8125
[406  31],2.8125
[409  31],2.8125
[412  30],122.8125
[417  31],2.8125
[421  31],2.8125
[424  30],122.8125
[429  31],2.8125
[433  31],2.8125
[436  30],149.0625
[441  31],2.8125
[445  31],2.8125
[448  30],149.0625
[452  31],2.8125
[456  31],2.8125
[460  30],149.0625
[464  31],2.8125
[468  31],2.8125
[472  30],149.0625
[476  31],2.8125
[480  31],2.8125
[483  30],122.8125
[488  31],2.8125
[492  31],2.8125
[495  30],149.0625
[499  31],2.8125
[503  31],2.8125
[ 7 43],145.0446428571429
[11 43],165.9375
[15 43],165.9375
[19 43],157.5
[22 43],165.9375
[26 43],165.9375
[30 43],157.5
[34 43],165.9375
[38 43],165.9375
[42 43],157.5
[46 43],165.9375
[50 43],165.9375
[54 43],157.5
[58 43],165.9375
[62 43],165.9375
[65 43],157.5
[69 43],165.9375
[73 43],165.9375
[77 43],157.5
[81 43],165.9375
[85 43],165.9375
[89 43],145.0446428571429
[93 43],165.9375
[97 43],165.9375
[101  43],145.0446428571429
[105  43],165.9375
[108  43],165.9375
[112  43],145.0446428571429
[116  43],165.9375
[120  43],165.9375
[124  43],157.5
[128  43],165.9375
[132  43],165.9375
[136  43],157.5
[140  43],165.9375
[144  43],165.9375
[148  43],145.0446428571429
[151  43],165.9375
[155  43],165.9375
[159  43],165.9375
[163  43],145.0446428571429
[167  43],165.9375
[171  43],165.9375
[175  43],157.5
[179  43],165.9375
[183  43],165.9375
[187  43],157.5
[191  43],165.9375
[194  43],165.9375
[198  43],157.5
[202  43],165.9375
[206  43],165.9375
[210  43],157.5
[214  43],165.9375
[218  43],165.9375
[222  43],157.5
[226  43],165.9375
[230  43],165.9375
[234  43],157.5
[237  43],165.9375
[241  43],165.9375
[245  43],157.5
[249  43],165.9375
[253  43],165.9375
[257  43],157.09821428571428
[261  43],165.9375
[265  43],165.9375
[269  43],168.34821428571428
[273  43],165.9375
[277  43],165.9375
[280  43],168.34821428571428
[284  43],165.9375
[288  43],165.9375
[292  43],168.34821428571428
[296  43],165.9375
[300  43],165.9375
[304  43],168.34821428571428
[308  43],165.9375
[312  43],165.9375
[316  43],168.34821428571428
[320  43],165.9375
[323  43],165.9375
[327  43],168.34821428571428
[331  43],165.9375
[335  43],165.9375
[339  43],168.34821428571428
[343  43],165.9375
[347  43],165.9375
[351  43],168.34821428571428
[355  43],165.9375
[359  43],165.9375
[363  43],168.34821428571428
[366  43],165.9375
[370  43],165.9375
[374  43],168.34821428571428
[378  43],165.9375
[382  43],165.9375
[386  43],168.34821428571428
[390  43],165.9375
[394  43],165.9375
[398  43],168.34821428571428
[402  43],165.9375
[406  43],165.9375
[409  43],165.9375
[413  43],168.34821428571428
[417  43],165.9375
[421  43],165.9375
[425  43],168.34821428571428
[429  43],165.9375
[433  43],165.9375
[437  43],168.34821428571428
[441  43],165.9375
[445  43],165.9375
[449  43],168.34821428571428
[452  43],165.9375
[456  43],165.9375
[460  43],168.34821428571428
[464  43],165.9375
[468  43],165.9375
[472  43],168.34821428571428
[476  43],165.9375
[480  43],165.9375
[484  43],168.34821428571428
[488  43],165.9375
[492  43],165.9375
[495  43],168.34821428571428
[499  43],165.9375
[503  43],165.9375
[ 7 54],140.625
[11 55],171.5625
[15 55],171.5625
[19 54],140.625
[22 55],171.5625
[26 55],171.5625
[30 54],140.625
[34 55],171.5625
[38 55],171.5625
[42 54],140.625
[46 55],171.5625
[50 55],171.5625
[54 54],140.625
[58 55],171.5625
[62 55],171.5625
[66 54],140.625
[69 55],171.5625
[73 55],171.5625
[78 54],140.625
[81 55],171.5625
[85 55],171.5625
[90 54],140.625
[93 55],171.5625
[97 55],171.5625
[102  54],140.625
[105  55],171.5625
[108  55],171.5625
[113  54],140.625
[116  55],171.5625
[120  55],171.5625
[125  54],140.625
[128  55],171.5625
[132  55],171.5625
[137  54],140.625
[140  55],171.5625
[144  55],171.5625
[149  54],140.625
[151  55],171.5625
[155  55],171.5625
[159  55],171.5625
[162  54],140.625
[167  55],171.5625
[171  55],171.5625
[174  54],140.625
[179  55],171.5625
[183  55],171.5625
[186  54],140.625
[191  55],171.5625
[194  55],171.5625
[198  54],140.625
[202  55],171.5625
[206  55],171.5625
[210  54],140.625
[214  55],171.5625
[218  55],171.5625
[222  54],140.625
[226  55],171.5625
[230  55],171.5625
[234  54],140.625
[237  55],171.5625
[241  55],171.5625
[245  54],140.625
[249  55],171.5625
[253  55],171.5625
[257  55],150.46875
[261  55],165.9375
[265  55],165.9375
[269  55],139.921875
[273  55],165.9375
[277  55],165.9375
[280  55],139.921875
[284  55],165.9375
[288  55],165.9375
[292  55],139.921875
[296  55],165.9375
[300  55],165.9375
[304  55],139.921875
[308  55],165.9375
[312  55],165.9375
[316  55],139.921875
[320  55],165.9375
[323  55],165.9375
[327  55],139.921875
[331  55],165.9375
[335  55],165.9375
[339  55],139.921875
[343  55],165.9375
[347  55],165.9375
[351  55],139.921875
[355  55],165.9375
[359  55],165.9375
[363  55],139.921875
[366  55],165.9375
[370  55],165.9375
[374  55],139.921875
[378  55],165.9375
[382  55],165.9375
[386  55],139.921875
[390  55],165.9375
[394  55],165.9375
[398  55],139.921875
[402  55],165.9375
[406  55],165.9375
[409  55],165.9375
[413  55],139.921875
[417  55],165.9375
[421  55],165.9375
[425  55],139.921875
[429  55],165.9375
[433  55],165.9375
[437  55],139.921875
[441  55],165.9375
[445  55],165.9375
[449  55],139.921875
[452  55],165.9375
[456  55],165.9375
[460  55],139.921875
[464  55],165.9375
[468  55],165.9375
[472  55],139.921875
[476  55],165.9375
[480  55],165.9375
[484  55],139.921875
[488  55],165.9375
[492  55],165.9375
[495  55],139.921875
[499  55],165.9375
[503  55],165.9375
[ 7 66],177.1875
[11 66],165.9375
[15 66],165.9375
[19 66],177.1875
[22 66],165.9375
[26 66],165.9375
[30 66],177.1875
[34 66],165.9375
[38 66],165.9375
[42 66],177.1875
[46 66],165.9375
[50 66],165.9375
[54 66],177.1875
[58 66],165.9375
[62 66],165.9375
[65 66],177.1875
[69 66],165.9375
[73 66],165.9375
[77 66],177.1875
[81 66],165.9375
[85 66],165.9375
[89 66],177.1875
[93 66],165.9375
[97 66],165.9375
[101  66],177.1875
[105  66],165.9375
[108  66],165.9375
[112  66],177.1875
[116  66],165.9375
[120  66],165.9375
[124  66],177.1875
[128  66],165.9375
[132  66],165.9375
[136  66],177.1875
[140  66],165.9375
[144  66],165.9375
[148  66],177.1875
[151  66],165.9375
[155  66],165.9375
[159  66],165.9375
[163  66],177.1875
[167  66],165.9375
[171  66],165.9375
[175  66],177.1875
[179  66],165.9375
[183  66],165.9375
[187  66],177.1875
[191  66],165.9375
[194  66],165.9375
[198  66],177.1875
[202  66],165.9375
[206  66],165.9375
[210  66],177.1875
[214  66],165.9375
[218  66],165.9375
[222  66],177.1875
[226  66],165.9375
[230  66],165.9375
[234  66],177.1875
[237  66],165.9375
[241  66],165.9375
[245  66],177.1875
[249  66],165.9375
[253  66],165.9375
[257  66],174.6875
[261  66],165.9375
[265  66],165.9375
[269  66],168.34821428571428
[273  66],165.9375
[277  66],165.9375
[280  66],168.34821428571428
[284  66],165.9375
[288  66],165.9375
[292  66],168.34821428571428
[296  66],165.9375
[300  66],165.9375
[304  66],168.34821428571428
[308  66],165.9375
[312  66],165.9375
[316  66],168.34821428571428
[320  66],165.9375
[323  66],165.9375
[327  66],168.34821428571428
[331  66],165.9375
[335  66],165.9375
[339  66],168.34821428571428
[343  66],165.9375
[347  66],165.9375
[351  66],168.34821428571428
[355  66],165.9375
[359  66],165.9375
[363  66],168.34821428571428
[366  66],165.9375
[370  66],165.9375
[374  66],168.34821428571428
[378  66],165.9375
[382  66],165.9375
[386  66],168.34821428571428
[390  66],165.9375
[394  66],165.9375
[398  66],168.34821428571428
[402  66],165.9375
[406  66],165.9375
[409  66],165.9375
[413  66],168.34821428571428
[417  66],165.9375
[421  66],165.9375
[425  66],168.34821428571428
[429  66],165.9375
[433  66],165.9375
[437  66],168.34821428571428
[441  66],165.9375
[445  66],165.9375
[449  66],168.34821428571428
[452  66],165.9375
[456  66],165.9375
[460  66],168.34821428571428
[464  66],165.9375
[468  66],165.9375
[472  66],168.34821428571428
[476  66],165.9375
[480  66],165.9375
[484  66],168.34821428571428
[488  66],165.9375
[492  66],165.9375
[495  66],168.34821428571428
[499  66],165.9375
[503  66],165.9375
[  7 102],142.5
[ 11 102],167.34375
[ 15 102],167.34375
[ 19 102],156.9375
[ 22 102],167.34375
[ 26 102],167.34375
[ 30 102],156.9375
[ 34 102],167.34375
[ 38 102],167.34375
[ 42 102],156.9375
[ 46 102],167.34375
[ 50 102],167.34375
[ 54 102],156.9375
[ 58 102],167.34375
[ 62 102],167.34375
[ 65 102],156.9375
[ 69 102],167.34375
[ 73 102],167.34375
[ 77 102],156.9375
[ 81 102],167.34375
[ 85 102],167.34375
[ 89 102],142.5
[ 93 102],167.34375
[ 97 102],167.34375
[101 102],142.5
[105 102],167.34375
[108 102],167.34375
[112 102],142.5
[116 102],167.34375
[120 102],167.34375
[124 102],156.9375
[128 102],167.34375
[132 102],167.34375
[136 102],156.9375
[140 102],167.34375
[144 102],167.34375
[148 102],142.5
[151 102],167.34375
[155 102],167.34375
[159 102],167.34375
[163 102],142.5
[167 102],167.34375
[171 102],167.34375
[175 102],156.9375
[179 102],167.34375
[183 102],167.34375
[187 102],156.9375
[191 102],167.34375
[194 102],167.34375
[198 102],156.9375
[202 102],167.34375
[206 102],167.34375
[210 102],156.9375
[214 102],167.34375
[218 102],167.34375
[222 102],156.9375
[226 102],167.34375
[230 102],167.34375
[234 102],156.9375
[237 102],167.34375
[241 102],167.34375
[245 102],156.9375
[249 102],167.34375
[253 102],167.34375
[257 102],157.09821428571428
[261 102],165.9375
[265 102],165.9375
[269 102],168.34821428571428
[273 102],165.9375
[277 102],165.9375
[280 102],168.34821428571428
[284 102],165.9375
[288 102],165.9375
[292 102],168.34821428571428
[296 102],165.9375
[300 102],165.9375
[304 102],168.34821428571428
[308 102],165.9375
[312 102],165.9375
[316 102],168.34821428571428
[320 102],165.9375
[323 102],165.9375
[327 102],168.34821428571428
[331 102],165.9375
[335 102],165.9375
[339 102],168.34821428571428
[343 102],165.9375
[347 102],165.9375
[351 102],168.34821428571428
[355 102],165.9375
[359 102],165.9375
[363 102],168.34821428571428
[366 102],165.9375
[370 102],165.9375
[374 102],168.34821428571428
[378 102],165.9375
[382 102],165.9375
[386 102],168.34821428571428
[390 102],165.9375
[394 102],165.9375
[398 102],168.34821428571428
[402 102],165.9375
[406 102],165.9375
[409 102],165.9375
[413 102],168.34821428571428
[417 102],165.9375
[421 102],165.9375
[425 102],168.34821428571428
[429 102],165.9375
[433 102],165.9375
[437 102],168.34821428571428
[441 102],165.9375
[445 102],165.9375
[449 102],168.34821428571428
[452 102],165.9375
[456 102],165.9375
[460 102],168.34821428571428
[464 102],165.9375
[468 102],165.9375
[472 102],168.34821428571428
[476 102],165.9375
[480 102],165.9375
[484 102],168.34821428571428
[488 102],165.9375
[492 102],165.9375
[495 102],168.34821428571428
[499 102],165.9375
[503 102],165.9375
[  7 114],137.1875
[ 11 114],165.9375
[ 15 114],165.9375
[ 19 114],145.546875
[ 22 114],165.9375
[ 26 114],165.9375
[ 30 114],145.546875
[ 34 114],165.9375
[ 38 114],165.9375
[ 42 114],145.546875
[ 46 114],165.9375
[ 50 114],165.9375
[ 54 114],145.546875
[ 58 114],165.9375
[ 62 114],165.9375
[ 65 114],145.546875
[ 69 114],165.9375
[ 73 114],165.9375
[ 77 114],145.546875
[ 81 114],165.9375
[ 85 114],165.9375
[ 90 114],130.5
[ 93 114],165.9375
[ 97 114],165.9375
[101 114],137.1875
[105 114],165.9375
[108 114],165.9375
[112 114],137.1875
[116 114],165.9375
[120 114],165.9375
[124 114],145.546875
[128 114],165.9375
[132 114],165.9375
[136 114],145.546875
[140 114],165.9375
[144 114],165.9375
[148 114],137.1875
[151 114],165.9375
[155 114],165.9375
[159 114],165.9375
[163 114],137.1875
[167 114],165.9375
[171 114],165.9375
[175 114],137.1875
[179 114],165.9375
[183 114],165.9375
[187 114],145.546875
[191 114],165.9375
[194 114],165.9375
[198 114],145.546875
[202 114],165.9375
[206 114],165.9375
[210 114],145.546875
[214 114],165.9375
[218 114],165.9375
[222 114],145.546875
[226 114],165.9375
[230 114],165.9375
[234 114],145.546875
[237 114],165.9375
[241 114],165.9375
[245 114],145.546875
[249 114],165.9375
[253 114],165.9375
[257 114],135.9375
[261 114],2.8125
[265 114],2.8125
[269 115],66.5625
[273 114],2.8125
[277 114],2.8125
[281 115],66.5625
[284 114],2.8125
[288 114],2.8125
[293 115],66.5625
[296 114],2.8125
[300 114],2.8125
[305 115],66.5625
[308 114],2.8125
[312 114],2.8125
[317 115],66.5625
[320 114],2.8125
[323 114],2.8125
[328 115],66.5625
[331 114],2.8125
[335 114],2.8125
[340 115],66.5625
[343 114],2.8125
[347 114],2.8125
[352 115],66.5625
[355 114],2.8125
[359 114],2.8125
[364 115],66.5625
[366 114],2.8125
[370 114],2.8125
[376 115],66.5625
[378 114],2.8125
[382 114],2.8125
[388 115],66.5625
[390 114],2.8125
[394 114],2.8125
[400 115],66.5625
[402 114],2.8125
[406 114],2.8125
[409 114],2.8125
[412 115],66.5625
[417 114],2.8125
[421 114],2.8125
[424 115],66.5625
[429 114],2.8125
[433 114],2.8125
[436 115],66.5625
[441 114],2.8125
[445 114],2.8125
[448 115],66.5625
[452 114],2.8125
[456 114],2.8125
[459 115],66.5625
[464 114],2.8125
[468 114],2.8125
[471 115],66.5625
[476 114],2.8125
[480 114],2.8125
[483 115],66.5625
[488 114],2.8125
[492 114],2.8125
[495 115],66.5625
[499 114],2.8125
[503 114],2.8125
[  7 126],161.71875
[ 11 126],165.9375
[ 15 126],165.9375
[ 19 126],161.71875
[ 22 126],165.9375
[ 26 126],165.9375
[ 30 126],161.71875
[ 34 126],165.9375
[ 38 126],165.9375
[ 42 126],161.71875
[ 46 126],165.9375
[ 50 126],165.9375
[ 54 126],161.71875
[ 58 126],165.9375
[ 62 126],165.9375
[ 65 126],161.71875
[ 69 126],165.9375
[ 73 126],165.9375
[ 77 126],161.71875
[ 81 126],165.9375
[ 85 126],165.9375
[ 89 126],161.71875
[ 93 126],165.9375
[ 97 126],165.9375
[101 126],161.71875
[105 126],165.9375
[108 126],165.9375
[112 126],161.71875
[116 126],165.9375
[120 126],165.9375
[124 126],161.71875
[128 126],165.9375
[132 126],165.9375
[136 126],161.71875
[140 126],165.9375
[144 126],165.9375
[148 126],161.71875
[151 126],165.9375
[155 126],165.9375
[159 126],165.9375
[163 126],161.71875
[167 126],165.9375
[171 126],165.9375
[175 126],161.71875
[179 126],165.9375
[183 126],165.9375
[187 126],161.71875
[191 126],165.9375
[194 126],165.9375
[198 126],161.71875
[202 126],165.9375
[206 126],165.9375
[210 126],161.71875
[214 126],165.9375
[218 126],165.9375
[222 126],161.71875
[226 126],165.9375
[230 126],165.9375
[234 126],161.71875
[237 126],165.9375
[241 126],165.9375
[245 126],161.71875
[249 126],165.9375
[253 126],165.9375
[257 126],146.5625
[261 126],165.9375
[265 126],165.9375
[269 126],128.8125
[273 126],165.9375
[277 126],165.9375
[280 126],155.3125
[284 126],165.9375
[288 126],165.9375
[292 126],155.3125
[296 126],165.9375
[300 126],165.9375
[304 126],155.3125
[308 126],165.9375
[312 126],165.9375
[316 126],155.3125
[320 126],165.9375
[323 126],165.9375
[327 126],155.3125
[331 126],165.9375
[335 126],165.9375
[339 126],155.3125
[343 126],165.9375
[347 126],165.9375
[351 126],155.3125
[355 126],165.9375
[359 126],165.9375
[363 126],155.3125
[366 126],165.9375
[370 126],165.9375
[374 126],155.3125
[378 126],165.9375
[382 126],165.9375
[386 126],155.3125
[390 126],165.9375
[394 126],165.9375
[398 126],155.3125
[402 126],165.9375
[406 126],165.9375
[409 126],165.9375
[413 126],155.3125
[417 126],165.9375
[421 126],165.9375
[425 126],155.3125
[429 126],165.9375
[433 126],165.9375
[437 126],155.3125
[441 126],165.9375
[445 126],165.9375
[449 126],155.3125
[452 126],165.9375
[456 126],165.9375
[460 126],155.3125
[464 126],165.9375
[468 126],165.9375
[472 126],155.3125
[476 126],165.9375
[480 126],165.9375
[484 126],155.3125
[488 126],165.9375
[492 126],165.9375
[495 126],155.3125
[499 126],165.9375
[503 126],165.9375
[  7 138],132.1875
[ 11 138],167.34375
[ 15 138],167.34375
[ 19 138],132.1875
[ 22 138],167.34375
[ 26 138],167.34375
[ 30 138],132.1875
[ 34 138],167.34375
[ 38 138],167.34375
[ 42 138],132.1875
[ 46 138],167.34375
[ 50 138],167.34375
[ 54 138],132.1875
[ 58 138],167.34375
[ 62 138],167.34375
[ 66 138],132.1875
[ 69 138],167.34375
[ 73 138],167.34375
[ 78 138],132.1875
[ 81 138],167.34375
[ 85 138],167.34375
[ 90 138],125.3125
[ 93 138],167.34375
[ 97 138],167.34375
[102 138],132.1875
[105 138],167.34375
[108 138],167.34375
[113 138],132.1875
[116 138],167.34375
[120 138],167.34375
[125 138],132.1875
[128 138],167.34375
[132 138],167.34375
[137 138],132.1875
[140 138],167.34375
[144 138],167.34375
[149 138],132.1875
[151 138],167.34375
[155 138],167.34375
[159 138],167.34375
[162 138],132.1875
[167 138],167.34375
[171 138],167.34375
[174 138],125.3125
[179 138],167.34375
[183 138],167.34375
[186 138],132.1875
[191 138],167.34375
[194 138],167.34375
[198 138],132.1875
[202 138],167.34375
[206 138],167.34375
[210 138],132.1875
[214 138],167.34375
[218 138],167.34375
[222 138],132.1875
[226 138],167.34375
[230 138],167.34375
[234 138],132.1875
[237 138],167.34375
[241 138],167.34375
[245 138],132.1875
[249 138],167.34375
[253 138],167.34375
[257 138],132.1875
[261 138],167.34375
[265 138],167.34375
[269 138],170.859375
[273 138],167.34375
[277 138],167.34375
[280 138],170.859375
[284 138],167.34375
[288 138],167.34375
[292 138],170.859375
[296 138],167.34375
[300 138],167.34375
[304 138],170.859375
[308 138],167.34375
[312 138],167.34375
[316 138],170.859375
[320 138],167.34375
[323 138],167.34375
[328 138],170.859375
[331 138],167.34375
[335 138],167.34375
[340 138],170.859375
[343 138],167.34375
[347 138],167.34375
[352 138],170.859375
[355 138],167.34375
[359 138],167.34375
[364 138],170.859375
[366 138],167.34375
[370 138],167.34375
[375 138],170.859375
[378 138],167.34375
[382 138],167.34375
[387 138],170.859375
[390 138],167.34375
[394 138],167.34375
[399 138],170.859375
[402 138],167.34375
[406 138],167.34375
[409 138],167.34375
[412 138],170.859375
[417 138],167.34375
[421 138],167.34375
[424 138],170.859375
[429 138],167.34375
[433 138],167.34375
[436 138],170.859375
[441 138],167.34375
[445 138],167.34375
[448 138],170.859375
[452 138],167.34375
[456 138],167.34375
[460 138],170.859375
[464 138],167.34375
[468 138],167.34375
[472 138],170.859375
[476 138],167.34375
[480 138],167.34375
[484 138],170.859375
[488 138],167.34375
[492 138],167.34375
[495 138],170.859375
[499 138],167.34375
[503 138],167.34375
[257 150],130.78125
[261 150],165.9375
[265 150],165.9375
[269 150],122.47159090909088
[273 150],165.9375
[277 150],165.9375
[280 150],127.6875
[284 150],165.9375
[288 150],165.9375
[292 150],127.6875
[296 150],165.9375
[300 150],165.9375
[304 150],127.6875
[308 150],165.9375
[312 150],165.9375
[316 150],127.6875
[320 150],165.9375
[323 150],165.9375
[328 150],127.6875
[331 150],165.9375
[335 150],165.9375
[340 150],127.6875
[343 150],165.9375
[347 150],165.9375
[352 150],127.6875
[355 150],165.9375
[359 150],165.9375
[364 150],127.6875
[366 150],165.9375
[370 150],165.9375
[375 150],127.6875
[378 150],165.9375
[382 150],165.9375
[387 150],127.6875
[390 150],165.9375
[394 150],165.9375
[399 150],127.6875
[402 150],165.9375
[406 150],165.9375
[409 150],165.9375
[412 150],127.6875
[417 150],165.9375
[421 150],165.9375
[424 150],127.6875
[429 150],165.9375
[433 150],165.9375
[436 150],127.6875
[441 150],165.9375
[445 150],165.9375
[448 150],127.6875
[452 150],165.9375
[456 150],165.9375
[460 150],127.6875
[464 150],165.9375
[468 150],165.9375
[472 150],127.6875
[476 150],165.9375
[480 150],165.9375
[484 150],127.6875
[488 150],165.9375
[492 150],165.9375
[495 150],127.6875
[499 150],165.9375
[503 150],165.9375
[  7 162],169.6875
[ 11 162],167.34375
[ 15 162],167.34375
[ 19 162],169.6875
[ 22 162],167.34375
[ 26 162],167.34375
[ 30 162],169.6875
[ 34 162],167.34375
[ 38 162],167.34375
[ 42 162],169.6875
[ 46 162],167.34375
[ 50 162],167.34375
[ 54 162],169.6875
[ 58 162],167.34375
[ 62 162],167.34375
[ 65 162],169.6875
[ 69 162],167.34375
[ 73 162],167.34375
[ 77 162],169.6875
[ 81 162],167.34375
[ 85 162],167.34375
[ 89 162],169.6875
[ 93 162],167.34375
[ 97 162],167.34375
[101 162],169.6875
[105 162],167.34375
[108 162],167.34375
[112 162],169.6875
[116 162],167.34375
[120 162],167.34375
[124 162],169.6875
[128 162],167.34375
[132 162],167.34375
[136 162],169.6875
[140 162],167.34375
[144 162],167.34375
[148 162],169.6875
[151 162],167.34375
[155 162],167.34375
[159 162],167.34375
[163 162],169.6875
[167 162],167.34375
[171 162],167.34375
[175 162],169.6875
[179 162],167.34375
[183 162],167.34375
[187 162],169.6875
[191 162],167.34375
[194 162],167.34375
[198 162],169.6875
[202 162],167.34375
[206 162],167.34375
[210 162],169.6875
[214 162],167.34375
[218 162],167.34375
[222 162],169.6875
[226 162],167.34375
[230 162],167.34375
[234 162],169.6875
[237 162],167.34375
[241 162],167.34375
[245 162],169.6875
[249 162],167.34375
[253 162],167.34375
[257 162],166.640625
[261 162],165.9375
[265 162],165.9375
[269 162],168.34821428571428
[273 162],165.9375
[277 162],165.9375
[280 162],168.34821428571428
[284 162],165.9375
[288 162],165.9375
[292 162],168.34821428571428
[296 162],165.9375
[300 162],165.9375
[304 162],168.34821428571428
[308 162],165.9375
[312 162],165.9375
[316 162],168.34821428571428
[320 162],165.9375
[323 162],165.9375
[327 162],168.34821428571428
[331 162],165.9375
[335 162],165.9375
[339 162],168.34821428571428
[343 162],165.9375
[347 162],165.9375
[351 162],168.34821428571428
[355 162],165.9375
[359 162],165.9375
[363 162],168.34821428571428
[366 162],165.9375
[370 162],165.9375
[374 162],168.34821428571428
[378 162],165.9375
[382 162],165.9375
[386 162],168.34821428571428
[390 162],165.9375
[394 162],165.9375
[398 162],168.34821428571428
[402 162],165.9375
[406 162],165.9375
[409 162],165.9375
[413 162],168.34821428571428
[417 162],165.9375
[421 162],165.9375
[425 162],168.34821428571428
[429 162],165.9375
[433 162],165.9375
[437 162],168.34821428571428
[441 162],165.9375
[445 162],165.9375
[449 162],168.34821428571428
[452 162],165.9375
[456 162],165.9375
[460 162],168.34821428571428
[464 162],165.9375
[468 162],165.9375
[472 162],168.34821428571428
[476 162],165.9375
[480 162],165.9375
[484 162],168.34821428571428
[488 162],165.9375
[492 162],165.9375
[495 162],168.34821428571428
[499 162],165.9375
[503 162],165.9375
[  7 174],171.5625
[ 11 174],169.6875
[ 15 174],169.6875
[ 19 174],171.5625
[ 22 174],169.6875
[ 26 174],169.6875
[ 30 174],171.5625
[ 34 174],169.6875
[ 38 174],169.6875
[ 42 174],171.5625
[ 46 174],169.6875
[ 50 174],169.6875
[ 54 174],171.5625
[ 58 174],169.6875
[ 62 174],169.6875
[ 65 174],171.5625
[ 69 174],169.6875
[ 73 174],169.6875
[ 77 174],171.5625
[ 81 174],169.6875
[ 85 174],169.6875
[ 89 174],171.5625
[ 93 174],169.6875
[ 97 174],169.6875
[101 174],171.5625
[105 174],169.6875
[108 174],169.6875
[112 174],171.5625
[116 174],169.6875
[120 174],169.6875
[124 174],171.5625
[128 174],169.6875
[132 174],169.6875
[136 174],171.5625
[140 174],169.6875
[144 174],169.6875
[148 174],171.5625
[151 174],169.6875
[155 174],169.6875
[159 174],169.6875
[163 174],171.5625
[167 174],169.6875
[171 174],169.6875
[175 174],171.5625
[179 174],169.6875
[183 174],169.6875
[187 174],171.5625
[191 174],169.6875
[194 174],169.6875
[198 174],171.5625
[202 174],169.6875
[206 174],169.6875
[210 174],171.5625
[214 174],169.6875
[218 174],169.6875
[222 174],171.5625
[226 174],169.6875
[230 174],169.6875
[234 174],171.5625
[237 174],169.6875
[241 174],169.6875
[245 174],171.5625
[249 174],169.6875
[253 174],169.6875
[257 174],159.375
[261 174],168.75
[265 174],168.75
[269 174],130.78125
[273 174],168.75
[277 174],168.75
[280 174],150.9375
[284 174],168.75
[288 174],168.75
[292 174],130.78125
[296 174],168.75
[300 174],168.75
[304 174],150.9375
[308 174],168.75
[312 174],168.75
[316 174],150.9375
[320 174],168.75
[323 174],168.75
[327 174],150.9375
[331 174],168.75
[335 174],168.75
[340 174],130.78125
[343 174],168.75
[347 174],168.75
[352 174],130.78125
[355 174],168.75
[359 174],168.75
[364 174],130.78125
[366 174],168.75
[370 174],168.75
[374 174],150.9375
[378 174],168.75
[382 174],168.75
[386 174],150.9375
[390 174],168.75
[394 174],168.75
[398 174],150.9375
[402 174],168.75
[406 174],168.75
[409 174],168.75
[412 174],130.78125
[417 174],168.75
[421 174],168.75
[424 174],130.78125
[429 174],168.75
[433 174],168.75
[437 174],150.9375
[441 174],168.75
[445 174],168.75
[449 174],150.9375
[452 174],168.75
[456 174],168.75
[460 174],150.9375
[464 174],168.75
[468 174],168.75
[472 174],150.9375
[476 174],168.75
[480 174],168.75
[484 174],130.78125
[488 174],168.75
[492 174],168.75
[495 174],150.9375
[499 174],168.75
[503 174],168.75
[  7 186],138.9375
[ 11 186],169.6875
[ 15 186],169.6875
[ 19 186],156.09375
[ 22 186],169.6875
[ 26 186],169.6875
[ 30 186],156.09375
[ 34 186],169.6875
[ 38 186],169.6875
[ 42 186],156.09375
[ 46 186],169.6875
[ 50 186],169.6875
[ 54 186],156.09375
[ 58 186],169.6875
[ 62 186],169.6875
[ 65 186],156.09375
[ 69 186],169.6875
[ 73 186],169.6875
[ 77 186],156.09375
[ 81 186],169.6875
[ 85 186],169.6875
[ 89 186],138.9375
[ 93 186],169.6875
[ 97 186],169.6875
[101 186],138.9375
[105 186],169.6875
[108 186],169.6875
[112 186],138.9375
[116 186],169.6875
[120 186],169.6875
[124 186],156.09375
[128 186],169.6875
[132 186],169.6875
[136 186],156.09375
[140 186],169.6875
[144 186],169.6875
[148 186],138.9375
[151 186],169.6875
[155 186],169.6875
[159 186],169.6875
[163 186],138.9375
[167 186],169.6875
[171 186],169.6875
[175 186],156.09375
[179 186],169.6875
[183 186],169.6875
[187 186],156.09375
[191 186],169.6875
[194 186],169.6875
[198 186],156.09375
[202 186],169.6875
[206 186],169.6875
[210 186],156.09375
[214 186],169.6875
[218 186],169.6875
[222 186],156.09375
[226 186],169.6875
[230 186],169.6875
[234 186],156.09375
[237 186],169.6875
[241 186],169.6875
[245 186],156.09375
[249 186],169.6875
[253 186],169.6875
[257 186],172.6875
[261 186],2.8125
[265 186],2.8125
[269 187],57.65625
[273 186],2.8125
[277 186],2.8125
[281 187],57.65625
[284 186],2.8125
[288 186],2.8125
[293 187],57.65625
[296 186],2.8125
[300 186],2.8125
[305 187],57.65625
[308 186],2.8125
[312 186],2.8125
[317 187],57.65625
[320 186],2.8125
[323 186],2.8125
[328 187],57.65625
[331 186],2.8125
[335 186],2.8125
[340 187],57.65625
[343 186],2.8125
[347 186],2.8125
[352 187],57.65625
[355 186],2.8125
[359 186],2.8125
[364 187],57.65625
[366 186],2.8125
[370 186],2.8125
[376 187],57.65625
[378 186],2.8125
[382 186],2.8125
[388 187],57.65625
[390 186],2.8125
[394 186],2.8125
[400 187],57.65625
[402 186],2.8125
[406 186],2.8125
[409 186],2.8125
[412 187],57.65625
[417 186],2.8125
[421 186],2.8125
[424 187],57.65625
[429 186],2.8125
[433 186],2.8125
[436 187],57.65625
[441 186],2.8125
[445 186],2.8125
[448 187],57.65625
[452 186],2.8125
[456 186],2.8125
[459 187],57.65625
[464 186],2.8125
[468 186],2.8125
[471 187],57.65625
[476 186],2.8125
[480 186],2.8125
[483 187],57.65625
[488 186],2.8125
[492 186],2.8125
[495 187],57.65625
[499 186],2.8125
[503 186],2.8125
[  7 197],168.34821428571428
[ 11 197],165.9375
[ 15 197],165.9375
[ 19 197],168.34821428571428
[ 22 197],165.9375
[ 26 197],165.9375
[ 30 197],168.34821428571428
[ 34 197],165.9375
[ 38 197],165.9375
[ 42 197],168.34821428571428
[ 46 197],165.9375
[ 50 197],165.9375
[ 54 197],168.34821428571428
[ 58 197],165.9375
[ 62 197],165.9375
[ 65 197],168.34821428571428
[ 69 197],165.9375
[ 73 197],165.9375
[ 77 197],168.34821428571428
[ 81 197],165.9375
[ 85 197],165.9375
[ 89 197],168.34821428571428
[ 93 197],165.9375
[ 97 197],165.9375
[101 197],168.34821428571428
[105 197],165.9375
[108 197],165.9375
[112 197],168.34821428571428
[116 197],165.9375
[120 197],165.9375
[124 197],168.34821428571428
[128 197],165.9375
[132 197],165.9375
[136 197],168.34821428571428
[140 197],165.9375
[144 197],165.9375
[148 197],168.34821428571428
[151 197],165.9375
[155 197],165.9375
[159 197],165.9375
[163 197],168.34821428571428
[167 197],165.9375
[171 197],165.9375
[175 197],168.34821428571428
[179 197],165.9375
[183 197],165.9375
[187 197],168.34821428571428
[191 197],165.9375
[194 197],165.9375
[198 197],168.34821428571428
[202 197],165.9375
[206 197],165.9375
[210 197],168.34821428571428
[214 197],165.9375
[218 197],165.9375
[222 197],168.34821428571428
[226 197],165.9375
[230 197],165.9375
[234 197],168.34821428571428
[237 197],165.9375
[241 197],165.9375
[245 197],168.34821428571428
[249 197],165.9375
[253 197],165.9375
[257 197],157.09821428571428
[261 197],165.9375
[265 197],165.9375
[269 197],145.0446428571429
[273 197],165.9375
[277 197],165.9375
[280 197],157.5
[284 197],165.9375
[288 197],165.9375
[292 197],145.0446428571429
[296 197],165.9375
[300 197],165.9375
[304 197],157.5
[308 197],165.9375
[312 197],165.9375
[316 197],157.5
[320 197],165.9375
[323 197],165.9375
[327 197],157.5
[331 197],165.9375
[335 197],165.9375
[339 197],145.0446428571429
[343 197],165.9375
[347 197],165.9375
[351 197],145.0446428571429
[355 197],165.9375
[359 197],165.9375
[363 197],145.0446428571429
[366 197],165.9375
[370 197],165.9375
[374 197],157.5
[378 197],165.9375
[382 197],165.9375
[386 197],157.5
[390 197],165.9375
[394 197],165.9375
[398 197],157.5
[402 197],165.9375
[406 197],165.9375
[409 197],165.9375
[413 197],145.0446428571429
[417 197],165.9375
[421 197],165.9375
[425 197],145.0446428571429
[429 197],165.9375
[433 197],165.9375
[437 197],157.5
[441 197],165.9375
[445 197],165.9375
[449 197],157.5
[452 197],165.9375
[456 197],165.9375
[460 197],157.5
[464 197],165.9375
[468 197],165.9375
[472 197],157.5
[476 197],165.9375
[480 197],165.9375
[484 197],145.0446428571429
[488 197],165.9375
[492 197],165.9375
[495 197],157.5
[499 197],165.9375
[503 197],165.9375
[  7 209],142.5
[ 11 209],167.34375
[ 15 209],167.34375
[ 19 209],156.9375
[ 22 209],167.34375
[ 26 209],167.34375
[ 30 209],156.9375
[ 34 209],167.34375
[ 38 209],167.34375
[ 42 209],156.9375
[ 46 209],167.34375
[ 50 209],167.34375
[ 54 209],156.9375
[ 58 209],167.34375
[ 62 209],167.34375
[ 65 209],156.9375
[ 69 209],167.34375
[ 73 209],167.34375
[ 77 209],156.9375
[ 81 209],167.34375
[ 85 209],167.34375
[ 89 209],142.5
[ 93 209],167.34375
[ 97 209],167.34375
[101 209],142.5
[105 209],167.34375
[108 209],167.34375
[112 209],142.5
[116 209],167.34375
[120 209],167.34375
[124 209],156.9375
[128 209],167.34375
[132 209],167.34375
[136 209],156.9375
[140 209],167.34375
[144 209],167.34375
[148 209],142.5
[151 209],167.34375
[155 209],167.34375
[159 209],167.34375
[163 209],142.5
[167 209],167.34375
[171 209],167.34375
[175 209],156.9375
[179 209],167.34375
[183 209],167.34375
[187 209],156.9375
[191 209],167.34375
[194 209],167.34375
[198 209],156.9375
[202 209],167.34375
[206 209],167.34375
[210 209],156.9375
[214 209],167.34375
[218 209],167.34375
[222 209],156.9375
[226 209],167.34375
[230 209],167.34375
[234 209],156.9375
[237 209],167.34375
[241 209],167.34375
[245 209],156.9375
[249 209],167.34375
[253 209],167.34375
[257 209],158.7053571428571
[  7 221],145.0446428571429
[ 11 221],165.9375
[ 15 221],165.9375
[ 19 221],157.5
[ 22 221],165.9375
[ 26 221],165.9375
[ 30 221],157.5
[ 34 221],165.9375
[ 38 221],165.9375
[ 42 221],157.5
[ 46 221],165.9375
[ 50 221],165.9375
[ 54 221],157.5
[ 58 221],165.9375
[ 62 221],165.9375
[ 65 221],157.5
[ 69 221],165.9375
[ 73 221],165.9375
[ 77 221],157.5
[ 81 221],165.9375
[ 85 221],165.9375
[ 89 221],145.0446428571429
[ 93 221],165.9375
[ 97 221],165.9375
[101 221],145.0446428571429
[105 221],165.9375
[108 221],165.9375
[112 221],145.0446428571429
[116 221],165.9375
[120 221],165.9375
[124 221],157.5
[128 221],165.9375
[132 221],165.9375
[136 221],157.5
[140 221],165.9375
[144 221],165.9375
[148 221],145.0446428571429
[151 221],165.9375
[155 221],165.9375
[159 221],165.9375
[163 221],145.0446428571429
[167 221],165.9375
[171 221],165.9375
[175 221],157.5
[179 221],165.9375
[183 221],165.9375
[187 221],157.5
[191 221],165.9375
[194 221],165.9375
[198 221],157.5
[202 221],165.9375
[206 221],165.9375
[210 221],157.5
[214 221],165.9375
[218 221],165.9375
[222 221],157.5
[226 221],165.9375
[230 221],165.9375
[234 221],157.5
[237 221],165.9375
[241 221],165.9375
[245 221],157.5
[249 221],165.9375
[253 221],165.9375
[257 221],157.09821428571428
[261 221],165.9375
[265 221],165.9375
[269 221],157.5
[273 221],165.9375
[277 221],165.9375
[280 221],157.5
[284 221],165.9375
[288 221],165.9375
[292 221],157.5
[296 221],165.9375
[300 221],165.9375
[304 221],157.5
[308 221],165.9375
[312 221],165.9375
[316 221],157.5
[320 221],165.9375
[323 221],165.9375
[327 221],157.5
[331 221],165.9375
[335 221],165.9375
[339 221],157.5
[343 221],165.9375
[347 221],165.9375
[351 221],157.5
[355 221],165.9375
[359 221],165.9375
[363 221],157.5
[366 221],165.9375
[370 221],165.9375
[374 221],157.5
[378 221],165.9375
[382 221],165.9375
[386 221],157.5
[390 221],165.9375
[394 221],165.9375
[398 221],157.5
[402 221],165.9375
[406 221],165.9375
[409 221],165.9375
[413 221],157.5
[417 221],165.9375
[421 221],165.9375
[425 221],157.5
[429 221],165.9375
[433 221],165.9375
[437 221],157.5
[441 221],165.9375
[445 221],165.9375
[449 221],157.5
[452 221],165.9375
[456 221],165.9375
[460 221],157.5
[464 221],165.9375
[468 221],165.9375
[472 221],157.5
[476 221],165.9375
[480 221],165.9375
[484 221],157.5
[488 221],165.9375
[492 221],165.9375
[495 221],157.5
[499 221],165.9375
[503 221],165.9375
[257 233],174.77678571428572
[261 233],171.5625
[265 233],171.5625
[269 234],172.96875
[273 233],171.5625
[277 233],171.5625
[280 234],172.96875
[284 233],171.5625
[288 233],171.5625
[292 234],172.96875
[296 233],171.5625
[300 233],171.5625
[304 234],172.96875
[308 233],171.5625
[312 233],171.5625
[316 234],172.96875
[320 233],171.5625
[323 233],171.5625
[328 234],172.96875
[331 233],171.5625
[335 233],171.5625
[340 234],172.96875
[343 233],171.5625
[347 233],171.5625
[352 234],172.96875
[355 233],171.5625
[359 233],171.5625
[364 234],172.96875
[366 233],171.5625
[370 233],171.5625
[375 234],172.96875
[378 233],171.5625
[382 233],171.5625
[387 234],172.96875
[390 233],171.5625
[394 233],171.5625
[399 234],172.96875
[402 233],171.5625
[406 233],171.5625
[409 233],171.5625
[412 234],172.96875
[417 233],171.5625
[421 233],171.5625
[424 234],172.96875
[429 233],171.5625
[433 233],171.5625
[436 234],172.96875
[441 233],171.5625
[445 233],171.5625
[448 234],172.96875
[452 233],171.5625
[456 233],171.5625
[460 234],172.96875
[464 233],171.5625
[468 233],171.5625
[472 234],172.96875
[476 233],171.5625
[480 233],171.5625
[484 234],172.96875
[488 233],171.5625
[492 233],171.5625
[495 234],172.96875
[499 233],171.5625
[503 233],171.5625
[  7 245],169.6875
[ 11 245],167.34375
[ 15 245],167.34375
[ 19 245],169.6875
[ 22 245],167.34375
[ 26 245],167.34375
[ 30 245],169.6875
[ 34 245],167.34375
[ 38 245],167.34375
[ 42 245],169.6875
[ 46 245],167.34375
[ 50 245],167.34375
[ 54 245],169.6875
[ 58 245],167.34375
[ 62 245],167.34375
[ 65 245],169.6875
[ 69 245],167.34375
[ 73 245],167.34375
[ 77 245],169.6875
[ 81 245],167.34375
[ 85 245],167.34375
[ 89 245],169.6875
[ 93 245],167.34375
[ 97 245],167.34375
[101 245],169.6875
[105 245],167.34375
[108 245],167.34375
[112 245],169.6875
[116 245],167.34375
[120 245],167.34375
[124 245],169.6875
[128 245],167.34375
[132 245],167.34375
[136 245],169.6875
[140 245],167.34375
[144 245],167.34375
[148 245],169.6875
[151 245],167.34375
[155 245],167.34375
[159 245],167.34375
[163 245],169.6875
[167 245],167.34375
[171 245],167.34375
[175 245],169.6875
[179 245],167.34375
[183 245],167.34375
[187 245],169.6875
[191 245],167.34375
[194 245],167.34375
[198 245],169.6875
[202 245],167.34375
[206 245],167.34375
[210 245],169.6875
[214 245],167.34375
[218 245],167.34375
[222 245],169.6875
[226 245],167.34375
[230 245],167.34375
[234 245],169.6875
[237 245],167.34375
[241 245],167.34375
[245 245],169.6875
[249 245],167.34375
[253 245],167.34375
[257 245],157.5
[261 245],171.5625
[265 245],171.5625
[269 245],152.8125
[273 245],171.5625
[277 245],171.5625
[280 245],152.8125
[284 245],171.5625
[288 245],171.5625
[292 245],152.8125
[296 245],171.5625
[300 245],171.5625
[304 245],152.8125
[308 245],171.5625
[312 245],171.5625
[316 245],152.8125
[320 245],171.5625
[323 245],171.5625
[327 245],152.8125
[331 245],171.5625
[335 245],171.5625
[339 245],152.8125
[343 245],171.5625
[347 245],171.5625
[351 245],152.8125
[355 245],171.5625
[359 245],171.5625
[363 245],152.8125
[366 245],171.5625
[370 245],171.5625
[374 245],152.8125
[378 245],171.5625
[382 245],171.5625
[386 245],152.8125
[390 245],171.5625
[394 245],171.5625
[398 245],152.8125
[402 245],171.5625
[406 245],171.5625
[409 245],171.5625
[413 245],152.8125
[417 245],171.5625
[421 245],171.5625
[425 245],152.8125
[429 245],171.5625
[433 245],171.5625
[437 245],152.8125
[441 245],171.5625
[445 245],171.5625
[449 245],152.8125
[452 245],171.5625
[456 245],171.5625
[460 245],152.8125
[464 245],171.5625
[468 245],171.5625
[472 245],152.8125
[476 245],171.5625
[480 245],171.5625
[484 245],152.8125
[488 245],171.5625
[492 245],171.5625
[495 245],152.8125
[499 245],171.5625
[503 245],171.5625
[  7 257],145.0446428571429
[ 11 257],165.9375
[ 15 257],165.9375
[ 19 257],157.5
[ 22 257],165.9375
[ 26 257],165.9375
[ 30 257],157.5
[ 34 257],165.9375
[ 38 257],165.9375
[ 42 257],157.5
[ 46 257],165.9375
[ 50 257],165.9375
[ 54 257],157.5
[ 58 257],165.9375
[ 62 257],165.9375
[ 65 257],157.5
[ 69 257],165.9375
[ 73 257],165.9375
[ 77 257],157.5
[ 81 257],165.9375
[ 85 257],165.9375
[ 89 257],145.0446428571429
[ 93 257],165.9375
[ 97 257],165.9375
[101 257],145.0446428571429
[105 257],165.9375
[108 257],165.9375
[112 257],145.0446428571429
[116 257],165.9375
[120 257],165.9375
[124 257],157.5
[128 257],165.9375
[132 257],165.9375
[136 257],157.5
[140 257],165.9375
[144 257],165.9375
[148 257],145.0446428571429
[151 257],165.9375
[155 257],165.9375
[159 257],165.9375
[163 257],145.0446428571429
[167 257],165.9375
[171 257],165.9375
[175 257],157.5
[179 257],165.9375
[183 257],165.9375
[187 257],157.5
[191 257],165.9375
[194 257],165.9375
[198 257],157.5
[202 257],165.9375
[206 257],165.9375
[210 257],157.5
[214 257],165.9375
[218 257],165.9375
[222 257],157.5
[226 257],165.9375
[230 257],165.9375
[234 257],157.5
[237 257],165.9375
[241 257],165.9375
[245 257],157.5
[249 257],165.9375
[253 257],165.9375
[257 257],165.9375
[7 7],172.96875
[11  7],171.5625
[19  7],172.96875
[26  7],171.5625
[34  7],171.5625
[46  7],171.5625
[58  7],171.5625
[66  7],172.96875
[69  7],171.5625
[78  7],172.96875
[97  7],171.5625
[105   7],171.5625
[120   7],171.5625
[139   7],172.96875
[150   7],172.96875
[162   7],172.96875
[183   7],171.5625
[191   7],171.5625
[194   7],171.5625
[202   7],171.5625
[214   7],171.5625
[226   7],171.5625
[234   7],172.96875
[249   7],171.5625
[253   7],171.5625
[ 7 30],137.8125
[11 31],165.9375
[15 31],156.5625
[19 30],137.8125
[22 31],156.5625
[26 31],165.9375
[30 31],137.8125
[34 31],165.9375
[38 31],156.5625
[42 31],137.8125
[46 31],165.9375
[50 31],156.5625
[54 31],137.8125
[58 31],165.9375
[62 31],156.5625
[66 30],137.8125
[69 31],165.9375
[73 31],156.5625
[78 30],137.8125
[81 31],156.5625
[85 31],156.5625
[90 30],126.5625
[93 31],156.5625
[97 31],165.9375
[101  31],137.8125
[105  31],165.9375
[108  31],156.5625
[112  31],137.8125
[116  31],156.5625
[120  31],165.9375
[124  31],137.8125
[128  31],156.5625
[132  31],156.5625
[136  31],137.8125
[140  31],165.9375
[144  31],156.5625
[148  31],137.8125
[151  31],165.9375
[155  31],156.5625
[159  31],156.5625
[162  30],137.8125
[167  31],156.5625
[171  31],156.5625
[174  30],126.5625
[179  31],156.5625
[183  31],165.9375
[187  31],137.8125
[191  31],165.9375
[194  31],165.9375
[198  31],137.8125
[202  31],165.9375
[206  31],156.5625
[210  31],137.8125
[214  31],165.9375
[218  31],156.5625
[222  31],137.8125
[226  31],165.9375
[230  31],156.5625
[234  30],137.8125
[237  31],156.5625
[241  31],156.5625
[245  31],137.8125
[249  31],165.9375
[253  31],165.9375
[ 7 78],170.15625
[11 78],165.9375
[15 78],165.9375
[19 78],170.15625
[22 78],165.9375
[26 78],165.9375
[30 78],170.15625
[38 78],165.9375
[42 78],170.15625
[46 78],165.9375
[50 78],165.9375
[54 78],170.15625
[58 78],165.9375
[62 78],165.9375
[66 78],170.15625
[69 78],165.9375
[73 78],165.9375
[78 78],170.15625
[81 78],165.9375
[85 78],165.9375
[90 78],170.15625
[93 78],165.9375
[97 78],165.9375
[102  78],170.15625
[105  78],165.9375
[108  78],165.9375
[113  78],170.15625
[116  78],165.9375
[120  78],165.9375
[125  78],170.15625
[128  78],165.9375
[132  78],165.9375
[137  78],170.15625
[140  78],165.9375
[144  78],165.9375
[149  78],170.15625
[151  78],165.9375
[155  78],165.9375
[159  78],165.9375
[162  78],170.15625
[167  78],165.9375
[171  78],165.9375
[174  78],170.15625
[179  78],165.9375
[183  78],165.9375
[186  78],170.15625
[191  78],165.9375
[194  78],165.9375
[198  78],170.15625
[202  78],165.9375
[206  78],165.9375
[210  78],170.15625
[214  78],165.9375
[218  78],165.9375
[222  78],170.15625
[230  78],165.9375
[234  78],170.15625
[237  78],165.9375
[241  78],165.9375
[245  78],170.15625
[249  78],165.9375
[253  78],165.9375
[257  78],169.3125
[261  78],158.90625
[265  78],165.9375
[269  78],164.0625
[273  78],165.9375
[277  78],158.90625
[280  78],169.3125
[284  78],158.90625
[288  78],158.90625
[292  78],162.1875
[296  78],158.90625
[300  78],165.9375
[304  78],162.1875
[308  78],158.90625
[312  78],158.90625
[316  78],164.0625
[320  78],165.9375
[323  78],165.9375
[327  78],169.3125
[331  78],158.90625
[335  78],165.9375
[339  78],158.7053571428571
[343  78],158.90625
[347  78],158.90625
[351  78],158.7053571428571
[355  78],158.90625
[359  78],165.9375
[363  78],164.0625
[366  78],158.90625
[370  78],158.90625
[375  78],162.1875
[378  78],165.9375
[382  78],158.90625
[386  78],169.3125
[390  78],158.90625
[394  78],165.9375
[398  78],169.3125
[402  78],158.90625
[406  78],158.90625
[409  78],158.90625
[413  78],169.3125
[417  78],158.90625
[421  78],158.90625
[425  78],158.7053571428571
[429  78],158.90625
[433  78],158.90625
[436  78],162.1875
[441  78],158.90625
[445  78],165.9375
[448  78],162.1875
[452  78],165.9375
[456  78],158.90625
[460  78],164.0625
[464  78],158.90625
[468  78],165.9375
[472  78],162.1875
[476  78],158.90625
[480  78],158.90625
[484  78],164.0625
[488  78],158.90625
[492  78],165.9375
[495  78],158.7053571428571
[499  78],165.9375
[503  78],158.90625
[  7 150],170.75892857142856
[ 11 150],165.9375
[ 15 150],158.90625
[ 19 150],170.75892857142856
[ 22 150],158.90625
[ 26 150],165.9375
[ 30 150],166.640625
[ 34 150],165.9375
[ 38 150],158.90625
[ 42 150],166.640625
[ 46 150],165.9375
[ 50 150],158.90625
[ 54 150],166.640625
[ 58 150],165.9375
[ 62 150],158.90625
[ 66 150],170.75892857142856
[ 69 150],165.9375
[ 73 150],158.90625
[ 78 150],170.75892857142856
[ 81 150],158.90625
[ 85 150],158.90625
[ 90 150],166.640625
[ 93 150],158.90625
[ 97 150],165.9375
[102 150],166.640625
[105 150],165.9375
[108 150],158.90625
[113 150],166.640625
[116 150],158.90625
[120 150],165.9375
[125 150],166.640625
[128 150],158.90625
[132 150],158.90625
[137 150],166.640625
[140 150],165.9375
[144 150],158.90625
[149 150],166.640625
[151 150],165.9375
[155 150],158.90625
[159 150],158.90625
[162 150],170.75892857142856
[167 150],158.90625
[171 150],158.90625
[174 150],166.640625
[179 150],158.90625
[183 150],165.9375
[186 150],166.640625
[191 150],165.9375
[194 150],165.9375
[198 150],166.640625
[202 150],165.9375
[206 150],158.90625
[210 150],166.640625
[214 150],165.9375
[218 150],158.90625
[222 150],166.640625
[226 150],165.9375
[230 150],158.90625
[233 150],170.75892857142856
[237 150],158.90625
[241 150],158.90625
[245 150],166.640625
[249 150],165.9375
[253 150],165.9375
[  7 234],3.9375
[ 11 233],165.9375
[ 15 233],156.5625
[ 19 234],3.9375
[ 22 233],156.5625
[ 26 233],165.9375
[ 30 234],116.25
[ 34 233],165.9375
[ 38 233],156.5625
[ 42 234],116.25
[ 46 233],165.9375
[ 50 233],156.5625
[ 54 234],116.25
[ 58 233],165.9375
[ 62 233],156.5625
[ 66 234],3.9375
[ 69 233],165.9375
[ 73 233],156.5625
[ 78 234],3.9375
[ 81 233],156.5625
[ 85 233],156.5625
[ 90 234],116.25
[ 93 233],156.5625
[ 97 233],165.9375
[102 234],116.25
[105 233],165.9375
[108 233],156.5625
[113 234],116.25
[116 233],156.5625
[120 233],165.9375
[125 234],116.25
[128 233],156.5625
[132 233],156.5625
[137 234],116.25
[140 233],165.9375
[144 233],156.5625
[149 234],116.25
[151 233],165.9375
[155 233],156.5625
[159 233],156.5625
[162 234],3.9375
[167 233],156.5625
[171 233],156.5625
[174 234],116.25
[179 233],156.5625
[183 233],165.9375
[186 234],116.25
[191 233],165.9375
[194 233],165.9375
[198 234],116.25
[202 233],165.9375
[206 233],156.5625
[210 234],116.25
[214 233],165.9375
[218 233],156.5625
[222 234],116.25
[226 233],165.9375
[230 233],156.5625
[233 234],3.9375
[237 233],156.5625
[241 233],156.5625
[245 234],116.25
[249 233],165.9375
[253 233],165.9375
[257  90],142.3125
[261  90],164.0625
[265  90],164.0625
[269  90],130.3125
[273  90],164.0625
[277  90],164.0625
[280  90],142.3125
[284  90],164.0625
[288  90],164.0625
[292  90],142.3125
[296  90],164.0625
[300  90],164.0625
[304  90],142.3125
[308  90],164.0625
[312  90],164.0625
[316  90],142.3125
[320  90],164.0625
[323  90],164.0625
[327  90],142.3125
[331  90],164.0625
[335  90],164.0625
[339  90],142.3125
[343  90],164.0625
[347  90],164.0625
[351  90],142.3125
[355  90],164.0625
[359  90],164.0625
[363  90],142.3125
[366  90],164.0625
[370  90],164.0625
[374  90],142.3125
[378  90],164.0625
[382  90],164.0625
[386  90],142.3125
[390  90],164.0625
[394  90],164.0625
[398  90],142.3125
[402  90],164.0625
[406  90],164.0625
[409  90],164.0625
[413  90],142.3125
[417  90],164.0625
[421  90],164.0625
[425  90],142.3125
[429  90],164.0625
[433  90],164.0625
[437  90],142.3125
[441  90],164.0625
[445  90],164.0625
[449  90],142.3125
[452  90],164.0625
[456  90],164.0625
[460  90],142.3125
[464  90],164.0625
[468  90],164.0625
[472  90],142.3125
[476  90],164.0625
[480  90],164.0625
[484  90],142.3125
[488  90],164.0625
[492  90],164.0625
[495  90],142.3125
[499  90],164.0625
[503  90],164.0625
[261 209],164.0625
[265 209],164.0625
[269 209],168.1875
[273 209],164.0625
[277 209],164.0625
[280 209],168.1875
[284 209],164.0625
[288 209],164.0625
[292 209],168.1875
[296 209],164.0625
[300 209],164.0625
[304 209],168.1875
[308 209],164.0625
[312 209],164.0625
[316 209],168.1875
[320 209],164.0625
[323 209],164.0625
[327 209],168.1875
[331 209],164.0625
[335 209],164.0625
[339 209],168.1875
[343 209],164.0625
[347 209],164.0625
[351 209],168.1875
[355 209],164.0625
[359 209],164.0625
[363 209],168.1875
[366 209],164.0625
[370 209],164.0625
[374 209],168.1875
[378 209],164.0625
[382 209],164.0625
[386 209],168.1875
[390 209],164.0625
[394 209],164.0625
[398 209],168.1875
[402 209],164.0625
[406 209],164.0625
[409 209],164.0625
[413 209],168.1875
[417 209],164.0625
[421 209],164.0625
[425 209],168.1875
[429 209],164.0625
[433 209],164.0625
[437 209],168.1875
[441 209],164.0625
[445 209],164.0625
[449 209],168.1875
[452 209],164.0625
[456 209],164.0625
[460 209],168.1875
[464 209],164.0625
[468 209],164.0625
[472 209],168.1875
[476 209],164.0625
[480 209],164.0625
[484 209],168.1875
[488 209],164.0625
[492 209],164.0625
[495 209],168.1875
[499 209],164.0625
[503 209],164.0625
[15  7],165.9375
[22  7],165.9375
[31  7],111.5625
[38  7],165.9375
[43  7],111.5625
[50  7],165.9375
[55  7],111.5625
[62  7],165.9375
[73  7],165.9375
[81  7],165.9375
[85  7],165.9375
[90  7],111.5625
[93  7],165.9375
[102   7],111.5625
[108   7],165.9375
[114   7],111.5625
[116   7],165.9375
[126   7],111.5625
[128   7],165.9375
[132   7],165.9375
[136   7],165.9375
[144   7],165.9375
[148   7],165.9375
[155   7],165.9375
[159   7],165.9375
[167   7],165.9375
[171   7],165.9375
[174   7],111.5625
[179   7],165.9375
[186   7],111.5625
[197   7],111.5625
[206   7],165.9375
[209   7],111.5625
[218   7],165.9375
[221   7],111.5625
[230   7],165.9375
[237   7],165.9375
[241   7],165.9375
[245   7],111.5625
[34 78],154.6875
[226  78],154.6875
[293 155],98.4375
[305 155],98.4375
[340 155],98.4375
[352 155],98.4375
[376 155],98.4375
[424 155],98.4375
[436 155],98.4375
[448 155],98.4375
[471 155],98.4375
[495 155],98.4375
[293 167],98.4375
[305 167],98.4375
[340 167],98.4375
[352 167],98.4375
[376 167],98.4375
[424 167],98.4375
[436 167],98.4375
[448 167],98.4375
[471 167],98.4375
[495 167],98.4375
[ 31 214],98.4375
[ 55 214],98.4375
[ 90 214],98.4375
[114 214],98.4375
[174 214],98.4375
[186 214],98.4375
[209 214],98.4375
[233 214],98.4375
[245 214],98.4375
[ 7 11],84.375
[19 11],84.375
[31 11],84.375
[43 11],84.375
[55 11],84.375
[66 11],84.375
[78 11],84.375
[90 11],84.375
[102  11],84.375
[114  11],84.375
[126  11],84.375
[138  11],84.375
[150  11],84.375
[162  11],84.375
[174  11],84.375
[186  11],84.375
[197  11],84.375
[209  11],84.375
[221  11],84.375
[233  11],84.375
[245  11],84.375
[257  11],84.375
[269  11],84.375
[281  11],84.375
[293  11],84.375
[305  11],84.375
[317  11],84.375
[328  11],84.375
[340  11],84.375
[352  11],84.375
[364  11],84.375
[376  11],84.375
[388  11],84.375
[400  11],84.375
[412  11],84.375
[424  11],84.375
[436  11],84.375
[448  11],84.375
[459  11],84.375
[471  11],84.375
[483  11],84.375
[495  11],84.375
[ 7 15],115.3125
[19 15],115.3125
[31 15],115.3125
[43 15],115.3125
[55 15],115.3125
[66 15],115.3125
[78 15],115.3125
[90 15],115.3125
[102  15],115.3125
[114  15],115.3125
[126  15],115.3125
[138  15],115.3125
[150  15],115.3125
[162  15],115.3125
[174  15],115.3125
[186  15],115.3125
[197  15],115.3125
[209  15],115.3125
[221  15],115.3125
[233  15],115.3125
[245  15],115.3125
[257  15],115.3125
[269  15],84.375
[281  15],84.375
[293  15],84.375
[305  15],84.375
[317  15],84.375
[328  15],84.375
[340  15],84.375
[352  15],84.375
[364  15],84.375
[376  15],84.375
[388  15],84.375
[400  15],84.375
[412  15],84.375
[424  15],84.375
[436  15],84.375
[448  15],84.375
[459  15],84.375
[471  15],84.375
[483  15],84.375
[495  15],84.375
[ 7 22],109.6875
[19 22],109.6875
[31 22],109.6875
[43 22],109.6875
[55 22],109.6875
[66 22],109.6875
[78 22],109.6875
[90 22],96.5625
[102  22],109.6875
[114  22],109.6875
[126  22],109.6875
[138  22],109.6875
[150  22],109.6875
[162  22],109.6875
[174  22],96.5625
[186  22],109.6875
[197  22],109.6875
[209  22],109.6875
[221  22],109.6875
[233  22],109.6875
[245  22],109.6875
[257  22],109.6875
[269  22],84.375
[281  22],84.375
[293  22],84.375
[305  22],84.375
[317  22],84.375
[328  22],84.375
[340  22],84.375
[352  22],84.375
[364  22],84.375
[376  22],84.375
[388  22],84.375
[400  22],84.375
[412  22],84.375
[424  22],84.375
[436  22],84.375
[448  22],84.375
[459  22],84.375
[471  22],84.375
[483  22],84.375
[495  22],84.375
[ 7 26],84.375
[19 26],84.375
[31 26],84.375
[43 26],84.375
[55 26],84.375
[66 26],84.375
[78 26],84.375
[90 26],84.375
[102  26],84.375
[114  26],84.375
[126  26],84.375
[138  26],84.375
[150  26],84.375
[162  26],84.375
[174  26],84.375
[186  26],84.375
[197  26],84.375
[209  26],84.375
[221  26],84.375
[233  26],84.375
[245  26],84.375
[257  26],87.1875
[ 7 34],75.9375
[19 34],75.9375
[31 34],75.9375
[43 34],75.9375
[55 34],75.9375
[66 34],75.9375
[78 34],75.9375
[90 34],75.9375
[102  34],75.9375
[114  34],75.9375
[126  34],75.9375
[138  34],75.9375
[150  34],75.9375
[162  34],75.9375
[174  34],75.9375
[186  34],75.9375
[197  34],75.9375
[209  34],75.9375
[221  34],75.9375
[233  34],75.9375
[245  34],75.9375
[257  34],75.9375
[269  34],84.375
[281  34],84.375
[293  34],84.375
[305  34],84.375
[317  34],84.375
[328  34],84.375
[340  34],84.375
[352  34],84.375
[364  34],84.375
[376  34],84.375
[388  34],84.375
[400  34],84.375
[412  34],84.375
[424  34],84.375
[436  34],84.375
[448  34],84.375
[459  34],84.375
[471  34],84.375
[483  34],84.375
[495  34],84.375
[ 7 38],75.9375
[19 38],75.9375
[31 38],75.9375
[43 38],75.9375
[55 38],75.9375
[66 38],75.9375
[78 38],75.9375
[90 38],75.9375
[102  38],75.9375
[114  38],75.9375
[126  38],75.9375
[138  38],75.9375
[150  38],75.9375
[162  38],75.9375
[174  38],75.9375
[186  38],75.9375
[197  38],75.9375
[209  38],75.9375
[221  38],75.9375
[233  38],75.9375
[245  38],75.9375
[257  38],87.1875
[269  38],92.8125
[281  38],115.3125
[293  38],92.8125
[305  38],115.3125
[317  38],115.3125
[328  38],115.3125
[340  38],92.8125
[352  38],92.8125
[364  38],92.8125
[376  38],115.3125
[388  38],115.3125
[400  38],115.3125
[412  38],92.8125
[424  38],92.8125
[436  38],115.3125
[448  38],115.3125
[459  38],115.3125
[471  38],115.3125
[483  38],92.8125
[495  38],115.3125
[ 7 46],84.375
[19 46],84.375
[31 46],84.375
[43 46],84.375
[55 46],84.375
[66 46],84.375
[78 46],84.375
[90 46],84.375
[102  46],84.375
[114  46],84.375
[126  46],84.375
[138  46],84.375
[150  46],84.375
[162  46],84.375
[174  46],84.375
[186  46],84.375
[197  46],84.375
[209  46],84.375
[221  46],84.375
[233  46],84.375
[245  46],84.375
[257  46],75.9375
[269  46],75.9375
[281  46],75.9375
[293  46],75.9375
[305  46],75.9375
[317  46],75.9375
[328  46],75.9375
[340  46],75.9375
[352  46],75.9375
[364  46],75.9375
[376  46],75.9375
[388  46],75.9375
[400  46],75.9375
[412  46],75.9375
[424  46],75.9375
[436  46],75.9375
[448  46],75.9375
[459  46],75.9375
[471  46],75.9375
[483  46],75.9375
[495  46],75.9375
[ 7 50],84.375
[19 50],84.375
[31 50],84.375
[43 50],84.375
[55 50],84.375
[66 50],84.375
[78 50],84.375
[90 50],84.375
[102  50],84.375
[114  50],84.375
[126  50],84.375
[138  50],84.375
[150  50],84.375
[162  50],84.375
[174  50],84.375
[186  50],84.375
[197  50],84.375
[209  50],84.375
[221  50],84.375
[233  50],84.375
[245  50],84.375
[257  50],115.3125
[269  50],92.8125
[281  50],115.3125
[293  50],92.8125
[305  50],115.3125
[317  50],115.3125
[328  50],115.3125
[340  50],92.8125
[352  50],92.8125
[364  50],92.8125
[376  50],115.3125
[388  50],115.3125
[400  50],115.3125
[412  50],92.8125
[424  50],92.8125
[436  50],115.3125
[448  50],115.3125
[459  50],115.3125
[471  50],115.3125
[483  50],92.8125
[495  50],115.3125
[ 7 58],84.375
[19 58],84.375
[31 58],84.375
[43 58],84.375
[55 58],84.375
[66 58],84.375
[78 58],84.375
[90 58],84.375
[102  58],84.375
[114  58],84.375
[126  58],84.375
[138  58],84.375
[150  58],84.375
[162  58],84.375
[174  58],84.375
[186  58],84.375
[197  58],84.375
[209  58],84.375
[221  58],84.375
[233  58],84.375
[245  58],84.375
[257  58],84.375
[269  58],84.375
[281  58],84.375
[293  58],84.375
[305  58],84.375
[317  58],84.375
[328  58],84.375
[340  58],84.375
[352  58],84.375
[364  58],84.375
[376  58],84.375
[388  58],84.375
[400  58],84.375
[412  58],84.375
[424  58],84.375
[436  58],84.375
[448  58],84.375
[459  58],84.375
[471  58],84.375
[483  58],84.375
[495  58],84.375
[ 7 62],92.8125
[19 62],115.3125
[31 62],115.3125
[43 62],115.3125
[55 62],115.3125
[66 62],115.3125
[78 62],115.3125
[90 62],92.8125
[102  62],92.8125
[114  62],92.8125
[126  62],115.3125
[138  62],115.3125
[150  62],92.8125
[162  62],92.8125
[174  62],115.3125
[186  62],115.3125
[197  62],115.3125
[209  62],115.3125
[221  62],115.3125
[233  62],115.3125
[245  62],115.3125
[257  62],115.3125
[269  62],84.375
[281  62],84.375
[293  62],84.375
[305  62],84.375
[317  62],84.375
[328  62],84.375
[340  62],84.375
[352  62],84.375
[364  62],84.375
[376  62],84.375
[388  62],84.375
[400  62],84.375
[412  62],84.375
[424  62],84.375
[436  62],84.375
[448  62],84.375
[459  62],84.375
[471  62],84.375
[483  62],84.375
[495  62],84.375
[ 7 69],84.375
[19 69],84.375
[31 69],84.375
[43 69],84.375
[55 69],84.375
[66 69],84.375
[78 69],84.375
[90 69],84.375
[102  69],84.375
[114  69],84.375
[126  69],84.375
[138  69],84.375
[150  69],84.375
[162  69],84.375
[174  69],84.375
[186  69],84.375
[197  69],84.375
[209  69],84.375
[221  69],84.375
[233  69],84.375
[245  69],84.375
[257  69],84.375
[269  69],84.375
[281  69],84.375
[293  69],84.375
[305  69],84.375
[317  69],84.375
[328  69],84.375
[340  69],84.375
[352  69],84.375
[364  69],84.375
[376  69],84.375
[388  69],84.375
[400  69],84.375
[412  69],84.375
[424  69],84.375
[436  69],84.375
[448  69],84.375
[459  69],84.375
[471  69],84.375
[483  69],84.375
[495  69],84.375
[269  73],92.8125
[281  73],115.3125
[293  73],92.8125
[305  73],115.3125
[317  73],115.3125
[328  73],115.3125
[340  73],92.8125
[352  73],92.8125
[364  73],92.8125
[376  73],115.3125
[388  73],115.3125
[400  73],115.3125
[412  73],92.8125
[424  73],92.8125
[436  73],115.3125
[448  73],115.3125
[459  73],115.3125
[471  73],115.3125
[483  73],92.8125
[495  73],115.3125
[ 7 81],84.375
[19 81],84.375
[31 81],84.375
[43 81],84.375
[55 81],84.375
[66 81],84.375
[78 81],84.375
[90 81],84.375
[102  81],84.375
[114  81],84.375
[126  81],84.375
[138  81],84.375
[150  81],84.375
[162  81],84.375
[174  81],84.375
[186  81],84.375
[197  81],84.375
[209  81],84.375
[221  81],84.375
[233  81],84.375
[245  81],84.375
[257  81],115.3125
[269  81],92.8125
[281  81],115.3125
[293  81],92.8125
[305  81],115.3125
[317  81],115.3125
[328  81],115.3125
[340  81],92.8125
[352  81],92.8125
[364  81],92.8125
[376  81],115.3125
[388  81],115.3125
[400  81],115.3125
[412  81],92.8125
[424  81],92.8125
[436  81],115.3125
[448  81],115.3125
[459  81],115.3125
[471  81],115.3125
[483  81],92.8125
[495  81],115.3125
[ 7 85],92.8125
[19 85],115.3125
[31 85],115.3125
[43 85],115.3125
[55 85],115.3125
[66 85],115.3125
[78 85],115.3125
[90 85],92.8125
[102  85],92.8125
[114  85],92.8125
[126  85],115.3125
[138  85],115.3125
[150  85],92.8125
[162  85],92.8125
[174  85],115.3125
[186  85],115.3125
[197  85],115.3125
[209  85],115.3125
[221  85],115.3125
[233  85],115.3125
[245  85],115.3125
[257  85],115.3125
[269  85],84.375
[281  85],84.375
[293  85],84.375
[305  85],84.375
[317  85],84.375
[328  85],84.375
[340  85],84.375
[352  85],84.375
[364  85],84.375
[376  85],84.375
[388  85],84.375
[400  85],84.375
[412  85],84.375
[424  85],84.375
[436  85],84.375
[448  85],84.375
[459  85],84.375
[471  85],84.375
[483  85],84.375
[495  85],84.375
[ 7 89],109.6875
[19 89],109.6875
[31 89],109.6875
[43 89],109.6875
[55 89],109.6875
[66 89],109.6875
[78 89],109.6875
[90 89],96.5625
[102  89],109.6875
[114  89],109.6875
[126  89],109.6875
[138  89],109.6875
[150  89],109.6875
[162  89],109.6875
[174  89],96.5625
[186  89],109.6875
[197  89],109.6875
[209  89],109.6875
[221  89],109.6875
[233  89],109.6875
[245  89],109.6875
[ 7 93],75.9375
[19 93],75.9375
[31 93],75.9375
[43 93],75.9375
[55 93],75.9375
[66 93],75.9375
[78 93],75.9375
[90 93],75.9375
[102  93],75.9375
[114  93],75.9375
[126  93],75.9375
[138  93],75.9375
[150  93],75.9375
[162  93],75.9375
[174  93],75.9375
[186  93],75.9375
[197  93],75.9375
[209  93],75.9375
[221  93],75.9375
[233  93],75.9375
[245  93],75.9375
[257  93],87.1875
[269  93],92.8125
[281  93],115.3125
[293  93],92.8125
[305  93],115.3125
[317  93],115.3125
[328  93],115.3125
[340  93],92.8125
[352  93],92.8125
[364  93],92.8125
[376  93],115.3125
[388  93],115.3125
[400  93],115.3125
[412  93],92.8125
[424  93],92.8125
[436  93],115.3125
[448  93],115.3125
[459  93],115.3125
[471  93],115.3125
[483  93],92.8125
[495  93],115.3125
[ 7 97],84.375
[19 97],84.375
[31 97],84.375
[43 97],84.375
[55 97],84.375
[66 97],84.375
[78 97],84.375
[90 97],84.375
[102  97],84.375
[114  97],84.375
[126  97],84.375
[138  97],84.375
[150  97],84.375
[162  97],84.375
[174  97],84.375
[186  97],84.375
[197  97],84.375
[209  97],84.375
[221  97],84.375
[233  97],84.375
[245  97],84.375
[257  97],84.375
[269  97],84.375
[281  97],84.375
[293  97],84.375
[305  97],84.375
[317  97],84.375
[328  97],84.375
[340  97],84.375
[352  97],84.375
[364  97],84.375
[376  97],84.375
[388  97],84.375
[400  97],84.375
[412  97],84.375
[424  97],84.375
[436  97],84.375
[448  97],84.375
[459  97],84.375
[471  97],84.375
[483  97],84.375
[495  97],84.375
[  7 105],75.9375
[ 19 105],75.9375
[ 31 105],75.9375
[ 43 105],75.9375
[ 55 105],75.9375
[ 66 105],75.9375
[ 78 105],75.9375
[ 90 105],75.9375
[102 105],75.9375
[114 105],75.9375
[126 105],75.9375
[138 105],75.9375
[150 105],75.9375
[162 105],75.9375
[174 105],75.9375
[186 105],75.9375
[197 105],75.9375
[209 105],75.9375
[221 105],75.9375
[233 105],75.9375
[245 105],75.9375
[257 105],75.9375
[269 105],75.9375
[281 105],75.9375
[293 105],75.9375
[305 105],75.9375
[317 105],75.9375
[328 105],75.9375
[340 105],75.9375
[352 105],75.9375
[364 105],75.9375
[376 105],75.9375
[388 105],75.9375
[400 105],75.9375
[412 105],75.9375
[424 105],75.9375
[436 105],75.9375
[448 105],75.9375
[459 105],75.9375
[471 105],75.9375
[483 105],75.9375
[495 105],75.9375
[  7 108],115.3125
[ 19 108],115.3125
[ 31 108],115.3125
[ 43 108],115.3125
[ 55 108],115.3125
[ 66 108],115.3125
[ 78 108],115.3125
[ 90 108],115.3125
[102 108],115.3125
[114 108],115.3125
[126 108],115.3125
[138 108],115.3125
[150 108],115.3125
[162 108],115.3125
[174 108],115.3125
[186 108],115.3125
[197 108],115.3125
[209 108],115.3125
[221 108],115.3125
[233 108],115.3125
[245 108],115.3125
[257 108],115.3125
[269 108],84.375
[281 108],84.375
[293 108],84.375
[305 108],84.375
[317 108],84.375
[328 108],84.375
[340 108],84.375
[352 108],84.375
[364 108],84.375
[376 108],84.375
[388 108],84.375
[400 108],84.375
[412 108],84.375
[424 108],84.375
[436 108],84.375
[448 108],84.375
[459 108],84.375
[471 108],84.375
[483 108],84.375
[495 108],84.375
[  7 120],84.375
[ 19 120],84.375
[ 31 120],84.375
[ 43 120],84.375
[ 55 120],84.375
[ 66 120],84.375
[ 78 120],84.375
[ 90 120],84.375
[102 120],84.375
[114 120],84.375
[126 120],84.375
[138 120],84.375
[150 120],84.375
[162 120],84.375
[174 120],84.375
[186 120],84.375
[197 120],84.375
[209 120],84.375
[221 120],84.375
[233 120],84.375
[245 120],84.375
[257 120],84.375
[269 120],84.375
[281 120],84.375
[293 120],84.375
[305 120],84.375
[317 120],84.375
[328 120],84.375
[340 120],84.375
[352 120],84.375
[364 120],84.375
[376 120],84.375
[388 120],84.375
[400 120],84.375
[412 120],84.375
[424 120],84.375
[436 120],84.375
[448 120],84.375
[459 120],84.375
[471 120],84.375
[483 120],84.375
[495 120],84.375
[  7 132],84.375
[ 19 132],84.375
[ 31 132],84.375
[ 43 132],84.375
[ 55 132],84.375
[ 66 132],84.375
[ 78 132],84.375
[ 90 132],84.375
[102 132],84.375
[114 132],84.375
[126 132],84.375
[138 132],84.375
[150 132],84.375
[162 132],84.375
[174 132],84.375
[186 132],84.375
[197 132],84.375
[209 132],84.375
[221 132],84.375
[233 132],84.375
[245 132],84.375
[257 132],115.3125
[269 132],115.3125
[281 132],115.3125
[293 132],115.3125
[305 132],115.3125
[317 132],115.3125
[328 132],115.3125
[340 132],115.3125
[352 132],115.3125
[364 132],115.3125
[376 132],115.3125
[388 132],115.3125
[400 132],115.3125
[412 132],115.3125
[424 132],115.3125
[436 132],115.3125
[448 132],115.3125
[459 132],115.3125
[471 132],115.3125
[483 132],115.3125
[495 132],115.3125
[269 144],92.8125
[281 144],115.3125
[293 144],92.8125
[305 144],115.3125
[317 144],115.3125
[328 144],115.3125
[340 144],92.8125
[352 144],92.8125
[364 144],92.8125
[376 144],115.3125
[388 144],115.3125
[400 144],115.3125
[412 144],92.8125
[424 144],92.8125
[436 144],115.3125
[448 144],115.3125
[459 144],115.3125
[471 144],115.3125
[483 144],92.8125
[495 144],115.3125
[  7 155],115.3125
[ 19 155],115.3125
[ 31 155],115.3125
[ 43 155],115.3125
[ 55 155],115.3125
[ 66 155],115.3125
[ 78 155],115.3125
[ 90 155],115.3125
[102 155],115.3125
[114 155],115.3125
[126 155],115.3125
[138 155],115.3125
[150 155],115.3125
[162 155],115.3125
[174 155],115.3125
[186 155],115.3125
[197 155],115.3125
[209 155],115.3125
[221 155],115.3125
[233 155],115.3125
[245 155],115.3125
[257 155],115.3125
[269 155],84.375
[281 155],84.375
[317 155],84.375
[328 155],84.375
[364 155],84.375
[388 155],84.375
[400 155],84.375
[412 155],84.375
[459 155],84.375
[483 155],84.375
[  7 159],84.375
[ 19 159],84.375
[ 31 159],84.375
[ 43 159],84.375
[ 55 159],84.375
[ 66 159],84.375
[ 78 159],84.375
[ 90 159],84.375
[102 159],84.375
[114 159],84.375
[126 159],84.375
[138 159],84.375
[150 159],84.375
[162 159],84.375
[174 159],84.375
[186 159],84.375
[197 159],84.375
[209 159],84.375
[221 159],84.375
[233 159],84.375
[245 159],84.375
[257 159],115.3125
[269 159],92.8125
[281 159],115.3125
[293 159],92.8125
[305 159],115.3125
[317 159],115.3125
[328 159],115.3125
[340 159],92.8125
[352 159],92.8125
[364 159],92.8125
[376 159],115.3125
[388 159],115.3125
[400 159],115.3125
[412 159],92.8125
[424 159],92.8125
[436 159],115.3125
[448 159],115.3125
[459 159],115.3125
[471 159],115.3125
[483 159],92.8125
[495 159],115.3125
[  7 167],92.8125
[ 19 167],115.3125
[ 31 167],115.3125
[ 43 167],115.3125
[ 55 167],115.3125
[ 66 167],115.3125
[ 78 167],115.3125
[ 90 167],92.8125
[102 167],92.8125
[114 167],92.8125
[126 167],115.3125
[138 167],115.3125
[150 167],92.8125
[162 167],92.8125
[174 167],115.3125
[186 167],115.3125
[197 167],115.3125
[209 167],115.3125
[221 167],115.3125
[233 167],115.3125
[245 167],115.3125
[257 167],115.3125
[269 167],84.375
[281 167],84.375
[317 167],84.375
[328 167],84.375
[364 167],84.375
[388 167],84.375
[400 167],84.375
[412 167],84.375
[459 167],84.375
[483 167],84.375
[  7 171],109.6875
[ 19 171],109.6875
[ 31 171],109.6875
[ 43 171],109.6875
[ 55 171],109.6875
[ 66 171],109.6875
[ 78 171],109.6875
[ 90 171],96.5625
[102 171],109.6875
[114 171],109.6875
[126 171],109.6875
[138 171],109.6875
[150 171],109.6875
[162 171],109.6875
[174 171],96.5625
[186 171],109.6875
[197 171],109.6875
[209 171],109.6875
[221 171],109.6875
[233 171],109.6875
[245 171],109.6875
[257 171],109.6875
[269 171],96.5625
[281 171],109.6875
[293 171],109.6875
[305 171],109.6875
[317 171],109.6875
[328 171],109.6875
[340 171],109.6875
[352 171],109.6875
[364 171],109.6875
[376 171],109.6875
[388 171],109.6875
[400 171],109.6875
[412 171],109.6875
[424 171],109.6875
[436 171],109.6875
[448 171],109.6875
[459 171],109.6875
[471 171],109.6875
[483 171],109.6875
[495 171],109.6875
[  7 179],92.8125
[ 19 179],115.3125
[ 31 179],115.3125
[ 43 179],115.3125
[ 55 179],115.3125
[ 66 179],115.3125
[ 78 179],115.3125
[ 90 179],92.8125
[102 179],92.8125
[114 179],92.8125
[126 179],115.3125
[138 179],115.3125
[150 179],92.8125
[162 179],92.8125
[174 179],115.3125
[186 179],115.3125
[197 179],115.3125
[209 179],115.3125
[221 179],115.3125
[233 179],115.3125
[245 179],115.3125
[257 179],115.3125
[269 179],84.375
[281 179],84.375
[293 179],84.375
[305 179],84.375
[317 179],84.375
[328 179],84.375
[340 179],84.375
[352 179],84.375
[364 179],84.375
[376 179],84.375
[388 179],84.375
[400 179],84.375
[412 179],84.375
[424 179],84.375
[436 179],84.375
[448 179],84.375
[459 179],84.375
[471 179],84.375
[483 179],84.375
[495 179],84.375
[  7 183],75.9375
[ 19 183],75.9375
[ 31 183],75.9375
[ 43 183],75.9375
[ 55 183],75.9375
[ 66 183],75.9375
[ 78 183],75.9375
[ 90 183],75.9375
[102 183],75.9375
[114 183],75.9375
[126 183],75.9375
[138 183],75.9375
[150 183],75.9375
[162 183],75.9375
[174 183],75.9375
[186 183],75.9375
[197 183],75.9375
[209 183],75.9375
[221 183],75.9375
[233 183],75.9375
[245 183],75.9375
[257 183],75.9375
[269 183],84.375
[281 183],84.375
[293 183],84.375
[305 183],84.375
[317 183],84.375
[328 183],84.375
[340 183],84.375
[352 183],84.375
[364 183],84.375
[376 183],84.375
[388 183],84.375
[400 183],84.375
[412 183],84.375
[424 183],84.375
[436 183],84.375
[448 183],84.375
[459 183],84.375
[471 183],84.375
[483 183],84.375
[495 183],84.375
[  7 191],84.375
[ 19 191],84.375
[ 31 191],84.375
[ 43 191],84.375
[ 55 191],84.375
[ 66 191],84.375
[ 78 191],84.375
[ 90 191],84.375
[102 191],84.375
[114 191],84.375
[126 191],84.375
[138 191],84.375
[150 191],84.375
[162 191],84.375
[174 191],84.375
[186 191],84.375
[197 191],84.375
[209 191],84.375
[221 191],84.375
[233 191],84.375
[245 191],84.375
[257 191],84.375
[269 191],84.375
[281 191],84.375
[293 191],84.375
[305 191],84.375
[317 191],84.375
[328 191],84.375
[340 191],84.375
[352 191],84.375
[364 191],84.375
[376 191],84.375
[388 191],84.375
[400 191],84.375
[412 191],84.375
[424 191],84.375
[436 191],84.375
[448 191],84.375
[459 191],84.375
[471 191],84.375
[483 191],84.375
[495 191],84.375
[  7 194],84.375
[ 19 194],84.375
[ 31 194],84.375
[ 43 194],84.375
[ 55 194],84.375
[ 66 194],84.375
[ 78 194],84.375
[ 90 194],84.375
[102 194],84.375
[114 194],84.375
[126 194],84.375
[138 194],84.375
[150 194],84.375
[162 194],84.375
[174 194],84.375
[186 194],84.375
[197 194],84.375
[209 194],84.375
[221 194],84.375
[233 194],84.375
[245 194],84.375
[257 194],75.9375
[269 194],75.9375
[281 194],75.9375
[293 194],75.9375
[305 194],75.9375
[317 194],75.9375
[328 194],75.9375
[340 194],75.9375
[352 194],75.9375
[364 194],75.9375
[376 194],75.9375
[388 194],75.9375
[400 194],75.9375
[412 194],75.9375
[424 194],75.9375
[436 194],75.9375
[448 194],75.9375
[459 194],75.9375
[471 194],75.9375
[483 194],75.9375
[495 194],75.9375
[  7 202],84.375
[ 19 202],84.375
[ 31 202],84.375
[ 43 202],84.375
[ 55 202],84.375
[ 66 202],84.375
[ 78 202],84.375
[ 90 202],84.375
[102 202],84.375
[114 202],84.375
[126 202],84.375
[138 202],84.375
[150 202],84.375
[162 202],84.375
[174 202],84.375
[186 202],84.375
[197 202],84.375
[209 202],84.375
[221 202],84.375
[233 202],84.375
[245 202],84.375
[257 202],84.375
[269 202],84.375
[281 202],84.375
[293 202],84.375
[305 202],84.375
[317 202],84.375
[328 202],84.375
[340 202],84.375
[352 202],84.375
[364 202],84.375
[376 202],84.375
[388 202],84.375
[400 202],84.375
[412 202],84.375
[424 202],84.375
[436 202],84.375
[448 202],84.375
[459 202],84.375
[471 202],84.375
[483 202],84.375
[495 202],84.375
[  7 206],109.6875
[ 19 206],109.6875
[ 31 206],109.6875
[ 43 206],109.6875
[ 55 206],109.6875
[ 66 206],109.6875
[ 78 206],109.6875
[ 90 206],109.6875
[102 206],109.6875
[114 206],109.6875
[126 206],109.6875
[138 206],109.6875
[150 206],109.6875
[162 206],109.6875
[174 206],109.6875
[186 206],109.6875
[197 206],109.6875
[209 206],109.6875
[221 206],109.6875
[233 206],109.6875
[245 206],109.6875
[257 206],109.6875
[269 206],96.5625
[281 206],96.5625
[293 206],96.5625
[305 206],96.5625
[317 206],96.5625
[328 206],96.5625
[340 206],96.5625
[352 206],96.5625
[364 206],96.5625
[376 206],96.5625
[388 206],96.5625
[400 206],96.5625
[412 206],96.5625
[424 206],96.5625
[436 206],96.5625
[448 206],96.5625
[459 206],96.5625
[471 206],96.5625
[483 206],96.5625
[495 206],96.5625
[  7 214],84.375
[ 19 214],84.375
[ 43 214],84.375
[ 66 214],84.375
[ 78 214],84.375
[102 214],84.375
[126 214],84.375
[138 214],84.375
[150 214],84.375
[162 214],84.375
[197 214],84.375
[221 214],84.375
[257 214],84.375
[269 214],84.375
[281 214],84.375
[293 214],84.375
[305 214],84.375
[317 214],84.375
[328 214],84.375
[340 214],84.375
[352 214],84.375
[364 214],84.375
[376 214],84.375
[388 214],84.375
[400 214],84.375
[412 214],84.375
[424 214],84.375
[436 214],84.375
[448 214],84.375
[459 214],84.375
[471 214],84.375
[483 214],84.375
[495 214],84.375
[  7 218],84.375
[ 19 218],84.375
[ 31 218],84.375
[ 43 218],84.375
[ 55 218],84.375
[ 66 218],84.375
[ 78 218],84.375
[ 90 218],84.375
[102 218],84.375
[114 218],84.375
[126 218],84.375
[138 218],84.375
[150 218],84.375
[162 218],84.375
[174 218],84.375
[186 218],84.375
[197 218],84.375
[209 218],84.375
[221 218],84.375
[233 218],84.375
[245 218],84.375
[257 218],115.3125
[269 218],92.8125
[281 218],115.3125
[293 218],92.8125
[305 218],115.3125
[317 218],115.3125
[328 218],115.3125
[340 218],92.8125
[352 218],92.8125
[364 218],92.8125
[376 218],115.3125
[388 218],115.3125
[400 218],115.3125
[412 218],92.8125
[424 218],92.8125
[436 218],115.3125
[448 218],115.3125
[459 218],115.3125
[471 218],115.3125
[483 218],92.8125
[495 218],115.3125
[  7 226],84.375
[ 19 226],84.375
[ 31 226],84.375
[ 43 226],84.375
[ 55 226],84.375
[ 66 226],84.375
[ 78 226],84.375
[ 90 226],84.375
[102 226],84.375
[114 226],84.375
[126 226],84.375
[138 226],84.375
[150 226],84.375
[162 226],84.375
[174 226],84.375
[186 226],84.375
[197 226],84.375
[209 226],84.375
[221 226],84.375
[233 226],84.375
[245 226],84.375
[257 226],75.9375
[269 226],75.9375
[281 226],75.9375
[293 226],75.9375
[305 226],75.9375
[317 226],75.9375
[328 226],75.9375
[340 226],75.9375
[352 226],75.9375
[364 226],75.9375
[376 226],75.9375
[388 226],75.9375
[400 226],75.9375
[412 226],75.9375
[424 226],75.9375
[436 226],75.9375
[448 226],75.9375
[459 226],75.9375
[471 226],75.9375
[483 226],75.9375
[495 226],75.9375
[  7 230],92.8125
[ 19 230],115.3125
[ 31 230],115.3125
[ 43 230],115.3125
[ 55 230],115.3125
[ 66 230],115.3125
[ 78 230],115.3125
[ 90 230],92.8125
[102 230],92.8125
[114 230],92.8125
[126 230],115.3125
[138 230],115.3125
[150 230],92.8125
[162 230],92.8125
[174 230],115.3125
[186 230],115.3125
[197 230],115.3125
[209 230],115.3125
[221 230],115.3125
[233 230],115.3125
[245 230],115.3125
[257 230],109.6875
[269 230],96.5625
[281 230],109.6875
[293 230],109.6875
[305 230],109.6875
[317 230],109.6875
[328 230],109.6875
[340 230],109.6875
[352 230],109.6875
[364 230],109.6875
[376 230],109.6875
[388 230],109.6875
[400 230],109.6875
[412 230],109.6875
[424 230],109.6875
[436 230],109.6875
[448 230],109.6875
[459 230],109.6875
[471 230],109.6875
[483 230],109.6875
[495 230],109.6875
[  7 237],84.375
[ 19 237],84.375
[ 31 237],84.375
[ 43 237],84.375
[ 55 237],84.375
[ 66 237],84.375
[ 78 237],84.375
[ 90 237],84.375
[102 237],84.375
[114 237],84.375
[126 237],84.375
[138 237],84.375
[150 237],84.375
[162 237],84.375
[174 237],84.375
[186 237],84.375
[197 237],84.375
[209 237],84.375
[221 237],84.375
[233 237],84.375
[245 237],84.375
[257 237],109.6875
[269 237],96.5625
[281 237],109.6875
[293 237],109.6875
[305 237],109.6875
[317 237],109.6875
[328 237],109.6875
[340 237],109.6875
[352 237],109.6875
[364 237],109.6875
[376 237],109.6875
[388 237],109.6875
[400 237],109.6875
[412 237],109.6875
[424 237],109.6875
[436 237],109.6875
[448 237],109.6875
[459 237],109.6875
[471 237],109.6875
[483 237],109.6875
[495 237],109.6875
[  7 241],115.3125
[ 19 241],115.3125
[ 31 241],115.3125
[ 43 241],115.3125
[ 55 241],115.3125
[ 66 241],115.3125
[ 78 241],115.3125
[ 90 241],115.3125
[102 241],115.3125
[114 241],115.3125
[126 241],115.3125
[138 241],115.3125
[150 241],115.3125
[162 241],115.3125
[174 241],115.3125
[186 241],115.3125
[197 241],115.3125
[209 241],115.3125
[221 241],115.3125
[233 241],115.3125
[245 241],115.3125
[257 241],87.1875
[269 241],75.9375
[281 241],75.9375
[293 241],75.9375
[305 241],75.9375
[317 241],75.9375
[328 241],75.9375
[340 241],75.9375
[352 241],75.9375
[364 241],75.9375
[376 241],75.9375
[388 241],75.9375
[400 241],75.9375
[412 241],75.9375
[424 241],75.9375
[436 241],75.9375
[448 241],75.9375
[459 241],75.9375
[471 241],75.9375
[483 241],75.9375
[495 241],75.9375
[  7 249],84.375
[ 19 249],84.375
[ 31 249],84.375
[ 43 249],84.375
[ 55 249],84.375
[ 66 249],84.375
[ 78 249],84.375
[ 90 249],84.375
[102 249],84.375
[114 249],84.375
[126 249],84.375
[138 249],84.375
[150 249],84.375
[162 249],84.375
[174 249],84.375
[186 249],84.375
[197 249],84.375
[209 249],84.375
[221 249],84.375
[233 249],84.375
[245 249],84.375
[257 249],84.375
[269 249],84.375
[281 249],84.375
[293 249],84.375
[305 249],84.375
[317 249],84.375
[328 249],84.375
[340 249],84.375
[352 249],84.375
[364 249],84.375
[376 249],84.375
[388 249],84.375
[400 249],84.375
[412 249],84.375
[424 249],84.375
[436 249],84.375
[448 249],84.375
[459 249],84.375
[471 249],84.375
[483 249],84.375
[495 249],84.375
[  7 253],84.375
[ 19 253],84.375
[ 31 253],84.375
[ 43 253],84.375
[ 55 253],84.375
[ 66 253],84.375
[ 78 253],84.375
[ 90 253],84.375
[102 253],84.375
[114 253],84.375
[126 253],84.375
[138 253],84.375
[150 253],84.375
[162 253],84.375
[174 253],84.375
[186 253],84.375
[197 253],84.375
[209 253],84.375
[221 253],84.375
[233 253],84.375
[245 253],84.375
[257 253],84.375
[269 253],84.375
[281 253],84.375
[293 253],84.375
[305 253],84.375
[317 253],84.375
[328 253],84.375
[340 253],84.375
[352 253],84.375
[364 253],84.375
[376 253],84.375
[388 253],84.375
[400 253],84.375
[412 253],84.375
[424 253],84.375
[436 253],84.375
[448 253],84.375
[459 253],84.375
[471 253],84.375
[483 253],84.375
[495 253],84.375
[269  26],59.0625
[281  26],59.0625
[293  26],59.0625
[305  26],59.0625
[317  26],59.0625
[328  26],59.0625
[340  26],59.0625
[352  26],59.0625
[364  26],59.0625
[376  26],59.0625
[388  26],59.0625
[400  26],59.0625
[412  26],59.0625
[424  26],59.0625
[436  26],59.0625
[448  26],59.0625
[459  26],59.0625
[471  26],59.0625
[483  26],59.0625
[495  26],59.0625
[ 7 73],59.0625
[19 73],59.0625
[31 73],59.0625
[43 73],59.0625
[55 73],59.0625
[66 73],59.0625
[78 73],59.0625
[90 73],59.0625
[102  73],59.0625
[114  73],59.0625
[126  73],59.0625
[138  73],59.0625
[150  73],59.0625
[162  73],59.0625
[174  73],59.0625
[186  73],59.0625
[197  73],59.0625
[209  73],59.0625
[221  73],59.0625
[233  73],59.0625
[245  73],59.0625
[257  73],59.0625
[  7 144],59.0625
[ 19 144],59.0625
[ 31 144],59.0625
[ 43 144],59.0625
[ 55 144],59.0625
[ 66 144],59.0625
[ 78 144],59.0625
[ 90 144],59.0625
[102 144],59.0625
[114 144],59.0625
[126 144],59.0625
[138 144],59.0625
[150 144],59.0625
[162 144],59.0625
[174 144],59.0625
[186 144],59.0625
[197 144],59.0625
[209 144],59.0625
[221 144],59.0625
[233 144],59.0625
[245 144],59.0625
[257 144],59.0625
